file,problem_timestamps
26_06,
26_07,
21_07,
21_06,
11_06,44497350_44497908
11_07,
31_06,
31_07,
38_07,
38_06,
13_06,
13_07,
42_06,
42_07,41512480_41512993 -- 47721330_47726111
45_07,
45_06,
27_07,
27_06,
06_06,
06_07,12974620_12974690
04_06,
04_07,
16_07,
16_06,
39_06,16612630_16613759 -- 33000629_33001989 -- 4095730_4098149 -- 33016250_33020739 -- 8255379_8257590 -- 8382920_8383719 -- 32865339_32866339 -- 32858839_32861470 -- 32940839_32944460 -- 16421820_16422619 -- 33030019_33031129 -- 4098149_4099620 -- 4104359_4105160 -- 256240_257269 -- 32929089_32931440 -- 33023269_33024269 -- 33140080_33140879 -- 16750119_16751050 -- 16441890_16443279 -- 16448169_16448419 -- 16551550_16554349 -- 16633529_16635680 -- 32946519_32947330 -- 33336239_33339820 -- 4163710_4164689 -- 33243629_33244449 -- 16408340_16409169 -- 32897269_32898640 -- 33085809_33086790 -- 33319360_33334449 -- 8300809_8301620 -- 16635680_16636509 -- 33244449_33251809 -- 33075820_33077129 -- 32992559_32993360 -- 32984809_32985750 -- 16591619_16593279 -- 33187239_33187670 -- 8313879_8314690 -- 33146879_33148940 -- 4126080_4127899 -- 4103560_4104359 -- 33185910_33185989 -- 32951100_32951699 -- 16636509_16644570 -- 16497610_16499349 -- 16700680_16702419 -- 16451320_16452119 -- 8349320_8350129 -- 33288620_33289489 -- 8308200_8313879 -- 33064220_33065019 -- 33105489_33106290 -- 33198720_33200059 -- 32850239_32850650 -- 33042410_33045589 -- 8320969_8322139 -- 16534119_16536480 -- 4164689_4167729 -- 16618669_16621869 -- 16453730_16455779 -- 33081839_33082640 -- 33291940_33300000 -- 32965739_32969199 -- 23699280_23700000 -- 16755279_16756980 -- 8295520_8300809 -- 16503950_16505099 -- 258399_258839 -- 33359510_33360379 -- 32954150_32955489 -- 32850839_32852339 -- 16431529_16432470 -- 32852339_32853360 -- 16423419_16426520 -- 32862839_32865339 -- 33251809_33252410 -- 16593279_16597130 -- 33145220_33146019 -- 32934280_32935589 -- 16749310_16750119 -- 8361719_8363020 -- 16660610_16661509 -- 32835089_32835980 -- 16446990_16447349 -- 33040550_33041809 -- 33308390_33309239 -- 4153600_4154609 -- 16747300_16748119 -- 16394800_16397029 -- 33184570_33185739 -- 33267440_33268309 -- 32991530_32992559 -- 8365629_8366230 -- 16382240_16386439 -- 16694029_16700680 -- 27299620_27300000 -- 16430599_16431529 -- 16437689_16438900 -- 33026750_33028059 -- 8247740_8250809 -- 32819129_32820040 -- 4130649_4131470 -- 16390189_16391070 -- 2070139_2072389 -- 33079199_33080839 -- 33185989_33186350 -- 16748119_16749310 -- 33031129_33032129 -- 4109569_4111660 -- 32887019_32887660 -- 8368030_8368629 -- 16702419_16703290 -- 4154609_4158500 -- 511510_520159 -- 33195650_33196449 -- 8333260_8335629 -- 33228820_33243629 -- 32807379_32809150 -- 32969199_32971440 -- 8335629_8336670 -- 33196449_33197900 -- 8337510_8338309 -- 16447349_16448169 -- 16478340_16479509 -- 16484939_16485490 -- 16488169_16488990 -- 16458689_16459500 -- 8359520_8361719 -- 16661509_16662390 -- 8322139_8322940 -- 8324740_8325549 -- 4178439_4179710 -- 33304730_33307589 -- 16515169_16515830 -- 33038339_33039290 -- 32841820_32842519 -- 8353709_8355299 -- 4189979_4193250 -- 32939930_32940839 -- 36599290_36600000 -- 33074019_33075019 -- 8204660_8205719 -- 16482349_16482759 -- 32907170_32909019 -- 4108770_4109569 -- 32828210_32830629 -- 8251650_8255379 -- 32999089_33000629 -- 16590630_16591619 -- 32771589_32772930 -- 33020739_33022269 -- 32797629_32798720 -- 16479509_16480369 -- 6598850_6600000 -- 32818960_32819129 -- 33307589_33308390 -- 32783059_32784379 -- 32786550_32789379 -- 16484640_16484939 -- 16499349_16503950 -- 32989100_32990339 -- 4187819_4189979 -- 32990339_32991530 -- 16455779_16456580 -- 8205719_8208730 -- 32994160_32995269 -- 16480369_16481310 -- 32830629_32831550 -- 8326549_8327400 -- 16692880_16694029 -- 16548820_16549869 -- 8209730_8212629 -- 32977199_32978000 -- 40152210_40200000 -- 16621869_16623540 -- 16422619_16423419 -- 33093350_33094839 -- 32945890_32946519 -- 2990100_3000000 -- 32831550_32831739 -- 16428939_16430599 -- 257269_258310 -- 16448419_16449390 -- 33001989_33003230 -- 4186790_4187819 -- 32976400_32977199 -- 8338309_8339110 -- 16432470_16433619 -- 2058560_2059489 -- 33077129_33078400 -- 8368629_8369990 -- 32861470_32862839 -- 33075019_33075820 -- 33024269_33026750 -- 33360379_33364290 -- 4140689_4142990 -- 32780440_32781739 -- 32866339_32867140 -- 33186350_33187239 -- 16576410_16578439 -- 32781739_32783059 -- 4105160_4106569 -- 16554349_16556029 -- 33312070_33312879 -- 33146019_33146879 -- 16528180_16530919 -- 32958199_32958830 -- 32926120_32929089 -- 4106569_4107580 -- 32955489_32956460 -- 16669279_16670140 -- 16457460_16458689 -- 32895710_32897269 -- 33028059_33029010 -- 4135000_4140689 -- 33065019_33065750 -- 16582580_16583779 -- 16452119_16453730 -- 259709_261570 -- 8212629_8213440 -- 8215799_8218990 -- 33022269_33023269 -- 32898640_32899519 -- 33479210_33480309 -- 33169900_33173129 -- 16386439_16387770 -- 4175250_4177439 -- 8286530_8287809 -- 8383719_8384520 -- 16754150_16755279 -- 4117899_4120810 -- 2068840_2070139 -- 32857110_32858839 -- 16766029_16777350 -- 33480309_33525660 -- 16388570_16390189 -- 33173129_33174730 -- 16530919_16531840 -- 8231360_8232389 -- 16443279_16444290 -- 33203989_33205050 -- 29699470_29700000 -- 16532680_16534119 -- 8232389_8233920 -- 16392689_16393800 -- 16630610_16632599 -- 32885900_32887019 -- 16549869_16551550 -- 33140879_33145220 -- 32995269_32996710 -- 8363820_8364809 -- 520159_520960 -- 16507910_16508509 -- 33072970_33074019 -- 258839_258910 -- 8287809_8294410 -- 16482759_16482960 -- 10044120_10200000 -- 2072389_2073440 -- 33078400_33079199 -- 8250809_8251650 -- 32935589_32936570 -- 33289489_33291140 -- 32842519_32843910 -- 16508509_16509310 -- 32909019_32910379 -- 2059489_2060670 -- 32997510_32999089 -- 16486310_16488169 -- 33312879_33316920 -- 33334449_33336239 -- 32769210_32771589 -- 32833710_32835089 -- 16433619_16435730 -- 33268309_33269390 -- 33032129_33033160 -- 8214850_8215799 -- 33104460_33105489 -- 33309239_33312070 -- 16436740_16437689 -- 16616869_16617869 -- 16481310_16482349 -- 16632599_16633529 -- 33094839_33095660 -- 32784379_32786550 -- 32899519_32900790 -- 32951699_32953150 -- 33041809_33042290 -- 16397029_16402880 -- 16578439_16579240 -- 33080839_33081839 -- 8325549_8326549 -- 16667200_16669279 -- 258310_258399 -- 16511910_16515169 -- 8319740_8320969 -- 32804910_32807379 -- 16765230_16766029 -- 32874760_32877839 -- 8364809_8365629 -- 16719779_16720580 -- 32957400_32958199 -- 33318559_33319360 -- 32877839_32878640 -- 16709880_16719779 -- 16617869_16618669 -- 8355299_8356500 -- 33084440_33085809 -- 32850650_32850839 -- 33185739_33185910 -- 32789379_32797629 -- 4127899_4128700 -- 4177439_4178439 -- 32831739_32832150 -- 16409169_16409970 -- 33029010_33030019 -- 16505099_16505950 -- 4115800_4117899 -- 32983080_32984809 -- 33200059_33203989 -- 4128700_4130649 -- 16583779_16584800 -- 33045589_33046400 -- 33037540_33038339 -- 16613759_16615250 -- 16616070_16616869 -- 258910_259709 -- 32848320_32850239 -- 16607619_16608900 -- 32910379_32911790 -- 33317760_33318559 -- 16556029_16561380 -- 4167729_4168560 -- 16606710_16607619 -- 8350129_8353709 -- 32965460_32965739 -- 16428140_16428939 -- 16391070_16392689
39_07,8348190_8349219 -- 8380750_8381549 -- 32886650_32887879 -- 8219080_8219879 -- 2093150_2094699 -- 33351339_33353720 -- 32922460_32923379 -- 33409629_33410850 -- 16663119_16667669 -- 33426839_33427720 -- 33030739_33032059 -- 33272839_33277820 -- 4134229_4137240 -- 8192980_8194059 -- 8377459_8378290 -- 16465890_16467189 -- 4141950_4144399 -- 32919050_32920519 -- 33042839_33043970 -- 259970_260769 -- 16612150_16613259 -- 32832650_32833879 -- 16455590_16456599 -- 32874239_32875830 -- 33407269_33408809 -- 257519_258709 -- 8317309_8318340 -- 16493279_16494770 -- 16575009_16581090 -- 1043839_1044020 -- 33015809_33016860 -- 16531509_16532330 -- 8252219_8254020 -- 16682830_16684369 -- 1027599_1028400 -- 33506070_33506879 -- 16724730_16725669 -- 2079070_2080179 -- 33506879_33509850 -- 33034019_33034860 -- 8238809_8239610 -- 33272019_33272839 -- 8279709_8280520 -- 32998190_32998989 -- 33027850_33028379 -- 32892489_32894900 -- 32805949_32807019 -- 8307250_8308049 -- 33413629_33414519 -- 8284770_8288059 -- 32934940_32936129 -- 16494770_16495689 -- 16627029_16632270 -- 16587910_16589919 -- 8308049_8309059 -- 32907379_32909339 -- 32910339_32911339 -- 8199639_8200440 -- 16655200_16656689 -- 32795489_32796489 -- 33035019_33037070 -- 16513300_16516009 -- 32774540_32775839 -- 8272629_8273799 -- 32846239_32847680 -- 32814809_32815960 -- 16678689_16680029 -- 32873010_32874239 -- 33306750_33307989 -- 32777449_32778350 -- 32814010_32814809 -- 16621009_16623270 -- 8347219_8348190 -- 32833879_32834949 -- 33123739_33137530 -- 32845239_32846239 -- 33234420_33236059 -- 33198010_33198339 -- 32834949_32835750 -- 33025920_33027489 -- 33336680_33339519 -- 33015000_33015809 -- 33535309_33536280 -- 8336309_8338440 -- 33164199_33165030 -- 16696540_16697189 -- 16659160_16660669 -- 33457239_33458080 -- 33522589_33529739 -- 32920519_32922460 -- 32807019_32807820 -- 33369300_33373989 -- 32824089_32825870 -- 32947710_32950879 -- 33187010_33187839 -- 4192930_4194069 -- 33361339_33362370 -- 33073839_33077350 -- 8355959_8356760 -- 2080179_2084070 -- 33023089_33024050 -- 32963989_32964839 -- 2051409_2054360 -- 33554059_33558510 -- 33317879_33318680 -- 33004790_33005839 -- 8273799_8274799 -- 33511420_33522589 -- 33534160_33535309 -- 2085100_2091969 -- 32951690_32952699 -- 8346860_8347219 -- 33162890_33164199 -- 33302239_33303059 -- 32993589_32996390 -- 32950879_32951690 -- 16660669_16661980 -- 8242809_8244049 -- 1025660_1026599 -- 33455519_33457239 -- 33350510_33351339 -- 8334049_8335190 -- 4151609_4153100 -- 33453610_33455519 -- 16702599_16703490 -- 8375219_8376020 -- 33473040_33473879 -- 32911339_32912260 -- 33408809_33409629 -- 33484239_33486790 -- 32992589_32993589 -- 512659_514230 -- 32796489_32797290 -- 32936930_32937739 -- 32952699_32953960 -- 16684369_16685520 -- 33364040_33365129 -- 4118689_4120729 -- 16451250_16452849 -- 515309_516110 -- 33183019_33184390 -- 33215510_33216309 -- 260769_261660 -- 33072900_33073839 -- 33171760_33172559 -- 4180750_4182279 -- 33414519_33420390 -- 33034860_33035019 -- 1046140_1047079 -- 32909339_32910339 -- 33248710_33254519 -- 8344889_8346420 -- 33254519_33256160 -- 8254020_8258309 -- 32887879_32889400 -- 33102040_33102839 -- 33473879_33474690 -- 32838900_32841059 -- 16574200_16575009 -- 33552790_33554059 -- 2058090_2058889 -- 8259320_8263559 -- 8374040_8375219 -- 16646009_16647020 -- 16582740_16583759 -- 33236059_33236860 -- 8225139_8226150 -- 33048100_33048989 -- 32961769_32963989 -- 16710619_16712790 -- 130889_131890 -- 32998989_32999790 -- 8370760_8371559 -- 8263559_8264170 -- 520080_521049 -- 8367910_8368709 -- 33095989_33097160 -- 33308809_33312140 -- 2094699_2101360 -- 33450379_33451180 -- 33325239_33326040 -- 8232559_8236990 -- 33176900_33178339 -- 16637759_16638580 -- 8356760_8357559 -- 8299830_8301459 -- 4117550_4118689 -- 33098089_33098890 -- 16605099_16605930 -- 8241410_8242809 -- 33197739_33198010 -- 16751290_16757029 -- 33102839_33104489 -- 33360510_33361339 -- 2074719_2075400 -- 258709_259970 -- 16619930_16621009 -- 16680029_16682000 -- 16491640_16492439 -- 32793050_32794129 -- 16399580_16400869 -- 32937739_32938540 -- 33452809_33453610 -- 16692599_16693470 -- 33420390_33426839 -- 2057489_2058090 -- 4176979_4178080 -- 33307989_33308809 -- 16438820_16439419 -- 16456599_16458520 -- 16687570_16688619 -- 8316129_8317309 -- 33373989_33379540 -- 16520840_16521189 -- 8335190_8336309 -- 16452849_16453700 -- 16667669_16668520 -- 16613259_16613900 -- 16744960_16747619 -- 33029680_33030739 -- 16767869_16768669 -- 16492439_16493279 -- 129850_130889 -- 32781180_32782269 -- 32924199_32925000 -- 33104489_33105860 -- 33300220_33302239 -- 16521189_16521330 -- 1047079_1050440 -- 32936129_32936930 -- 33458080_33458989 -- 32891650_32892489 -- 32804210_32805949 -- 32841059_32842870 -- 33178339_33179640 -- 2068469_2068659 -- 32966809_32971460 -- 16516009_16516610 -- 16439419_16449130 -- 16739480_16740279 -- 32853059_32854720 -- 33332720_33333519 -- 16600140_16601279 -- 33406470_33407269 -- 33032059_33033030 -- 33027489_33027850 -- 32766410_32770019 -- 33040620_33042839 -- 16698790_16699599 -- 33503879_33506070 -- 8206870_8207709 -- 16748439_16750480 -- 8315020_8316129 -- 33367019_33368470 -- 8283230_8283309 -- 8282709_8283230 -- 33452010_33452809 -- 33068699_33070059 -- 8274799_8275600 -- 16701710_16702599 -- 33052519_33053330 -- 16656689_16657490 -- 4173180_4175979 -- 33458989_33460290 -- 32964839_32966010 -- 33033290_33034019 -- 32776930_32777449 -- 8231760_8232559 -- 4123109_4125020 -- 33180440_33181559 -- 16529660_16531509 -- 33199480_33200489 -- 8372379_8374040 -- 32863390_32864199 -- 8288900_8295299 -- 33303059_33304850 -- 33270540_33272019 -- 4185270_4188729 -- 255930_257519 -- 514230_515309 -- 8220879_8221680 -- 4188729_4189640 -- 2058889_2063960 -- 8194059_8194660 -- 33333519_33334900 -- 32816830_32817769 -- 33365129_33366170 -- 8219879_8220879 -- 33476580_33478089 -- 16747619_16748439 -- 32906210_32907379 -- 8371559_8372379 -- 2050400_2051409 -- 33066470_33067839 -- 32978790_32979589 -- 33366170_33367019 -- 4175979_4176979 -- 8354889_8355959 -- 16725669_16730400 -- 8376020_8377459 -- 4122020_4123109 -- 16691800_16692599 -- 32990230_32991589 -- 4166149_4166950 -- 16589919_16590720 -- 32966010_32966809 -- 33391739_33392589 -- 33441589_33448540 -- 33070059_33072900 -- 8295299_8296120 -- 33173559_33174550 -- 4148670_4151609 -- 33022030_33023089 -- 16699599_16700400 -- 8249559_8250360 -- 32862530_32862769 -- 16768669_16772750 -- 16569180_16571779 -- 4120729_4122020 -- 4182279_4183090 -- 8353330_8354889 -- 1043420_1043839 -- 33339519_33340960 -- 32923379_32924199 -- 16640000_16646009 -- 8251160_8252219 -- 33172559_33173559 -- 8349219_8350770 -- 8207709_8212340 -- 511270_512659 -- 33478089_33484239 -- 2056510_2057489 -- 32842870_32844129 -- 8244049_8248760 -- 32794129_32795489 -- 2073520_2074719 -- 16757029_16757830 -- 8222280_8223209 -- 33449430_33450379 -- 16502779_16503700 -- 521049_522940 -- 8369709_8370760 -- 33529739_33532030 -- 32770019_32770920 -- 8368709_8369709 -- 8237790_8238809 -- 33028379_33029680 -- 16571779_16572790 -- 32960960_32961769 -- 33410850_33413629 -- 33381190_33391739 -- 2068659_2069880 -- 4194069_4195350 -- 33094080_33095989 -- 16601279_16605099 -- 32783449_32784690 -- 32844129_32845239 -- 32782269_32783449 -- 16546619_16547430 -- 32979589_32980480 -- 4144399_4145470 -- 16710020_16710619 -- 33324160_33325239 -- 33202879_33205180 -- 8283309_8284770 -- 8281830_8282709 -- 8301459_8302520 -- 16501910_16502779 -- 33005839_33007660 -- 32991589_32992589 -- 33200489_33202030 -- 8276930_8277799 -- 33122850_33123739 -- 16697189_16697990 -- 33429690_33441589 -- 33187839_33189480 -- 32852010_32853059 -- 16583759_16584360 -- 33202030_33202879 -- 32883830_32885839 -- 33198339_33199480 -- 8277799_8279709 -- 32885839_32886650 -- 16614060_16616279 -- 16625610_16627029 -- 16688619_16689630 -- 32864199_32865820 -- 16636950_16637759 -- 33089040_33089839 -- 4132890_4134229 -- 8357559_8360420 -- 4163710_4166149 -- 33097160_33098089 -- 8288059_8288900 -- 2091969_2093150 -- 33229890_33232379 -- 33181559_33183019 -- 33089839_33093230 -- 8223209_8225139 -- 16540270_16546619 -- 16616279_16617080 -- 32784690_32785489 -- 8258309_8259320 -- 8344080_8344889 -- 16400869_16401820 -- 1026599_1027599 -- 8381549_8382350 -- 33317070_33317879 -- 16740279_16742150 -- 33216309_33218110 -- 16661980_16663119 -- 8333120_8334049 -- 8198520_8199639 -- 32775839_32776850 -- 16677800_16678689 -- 32817769_32818570 -- 8268370_8272629 -- 33503070_33503879 -- 8309059_8311010 -- 32823250_32824089 -- 16757830_16767869 -- 33148129_33151370 -- 33232379_33233210 -- 33147230_33148129 -- 33067839_33068699 -- 33196710_33197739 -- 33048989_33052519 -- 2066340_2068469 -- 16467189_16468020 -- 32785489_32786300 -- 16495689_16501020 -- 8248760_8249559 -- 33392589_33398140
08_06,
08_07,
10_07,
10_06,
19_06,
19_07,
35_06,33293670_33294019 -- 33474699_33475510 -- 33523629_33538360 -- 4134040_4134569 -- 4111109_4112240 -- 33036290_33037199 -- 33089690_33090519 -- 1043500_1043859 -- 33327449_33327559 -- 32796269_32797320 -- 8283799_8284930 -- 8264040_8265129 -- 33300300_33302199 -- 1035180_1035349 -- 33344839_33344970 -- 32933970_32936019 -- 33015970_33016809 -- 33156989_33159040 -- 33034010_33035199 -- 33112949_33119500 -- 8245600_8247209 -- 16574930_16581279 -- 33017839_33018330 -- 4151609_4151700 -- 33197589_33198019 -- 33514129_33516730 -- 513539_513929 -- 33145410_33146989 -- 32984629_32985430 -- 33336940_33338449 -- 33354629_33355440 -- 32985430_32986339 -- 1024690_1024829 -- 16687529_16693480 -- 8302740_8303719 -- 1025609_1026210 -- 33038320_33038449 -- 32857059_32859559 -- 4175359_4176319 -- 33003519_33005040 -- 32856059_32857059 -- 32953080_32953879 -- 32943589_32944390 -- 32953879_32954680 -- 32802589_32804370 -- 33119500_33120339 -- 33325449_33325870 -- 8353650_8360639 -- 33191309_33192230 -- 33007629_33010370 -- 4149279_4150470 -- 8267629_8283799 -- 8361860_8365809 -- 32922440_32923309 -- 8311049_8311850 -- 33014589_33015970 -- 33013220_33014589 -- 33395089_33395559 -- 33198769_33199160 -- 32947800_32949589 -- 16526529_16534680 -- 32811019_32816190 -- 8318150_8320809 -- 32830769_32831370 -- 33038449_33038600 -- 8194950_8224299 -- 8313959_8315299 -- 33088879_33089690 -- 32928489_32929510 -- 4106540_4107819 -- 16395919_16396720 -- 33294019_33296460 -- 33146989_33155860 -- 16429169_16488330 -- 33490379_33491629 -- 8360639_8361860 -- 33411730_33412739 -- 33058879_33063360 -- 4122170_4123149 -- 4176319_4177120 -- 4131689_4132689 -- 33269339_33270920 -- 33253989_33254809 -- 32873730_32874839 -- 32821989_32822920 -- 33040449_33040670 -- 8261830_8262889 -- 4124229_4125040 -- 32817170_32821989 -- 16637630_16645279 -- 33430589_33431390 -- 33353280_33354629 -- 16645279_16687529 -- 8286889_8287690 -- 33335629_33336940 -- 4117859_4120990 -- 4110310_4111109 -- 32914489_32915290 -- 256550_256899 -- 33271500_33271699 -- 8304740_8306799 -- 1042119_1043500 -- 8368629_8370100 -- 32795470_32796269 -- 8224299_8225830 -- 33548800_33549129 -- 32978210_32979019 -- 33318019_33324110 -- 8309990_8311049 -- 33180269_33181250 -- 33155860_33156989 -- 32936019_32936820 -- 33432400_33435769 -- 33429790_33430589 -- 33036019_33036290 -- 33380600_33381489 -- 33006199_33006820 -- 33215900_33220989 -- 33314190_33314489 -- 4107819_4109310 -- 33342339_33342480 -- 32783250_32784949 -- 4115180_4117859 -- 33241769_33243640 -- 33475510_33477199 -- 8252250_8253459 -- 4154850_4156189 -- 33090519_33093940 -- 33393080_33395089 -- 33195309_33197589 -- 32774559_32775640 -- 4153100_4153899 -- 4149010_4149279 -- 8296459_8297580 -- 32842760_32843559 -- 32979379_32979629 -- 32798510_32801129 -- 33437390_33438199 -- 257019_258040 -- 32902269_32903910 -- 33161809_33162610 -- 33438199_33443210 -- 33053680_33055239 -- 16493980_16526529 -- 32960239_32961379 -- 33491629_33492430 -- 33221480_33221589 -- 4160680_4161479 -- 1035349_1036530 -- 33268170_33269339 -- 33415089_33416350 -- 8331299_8332650 -- 33120839_33121089 -- 33033629_33034010 -- 32837809_32842760 -- 33549129_33549400 -- 33019239_33019690 -- 8376959_8380950 -- 32986339_32987140 -- 8266620_8267629 -- 33033410_33033629 -- 4174370_4175359 -- 33341540_33342339 -- 8373000_8373809 -- 256899_257019 -- 32901080_32902269 -- 8303719_8304740 -- 33138519_33138900 -- 32859559_32860460 -- 33072019_33073760 -- 32806970_32807309 -- 33220989_33221290 -- 513929_515020 -- 8313160_8313959 -- 8225830_8228059 -- 4145819_4146890 -- 4161479_4162500 -- 33018440_33019239 -- 8262889_8264040 -- 16428360_16429169 -- 33314489_33314790 -- 33509070_33514129 -- 33549790_33550129 -- 8247209_8248910 -- 32827940_32828239 -- 33035199_33035480 -- 4130630_4131689 -- 33351879_33352680 -- 16581279_16637630 -- 33221589_33226900 -- 33005040_33006199 -- 33334720_33335629 -- 33230620_33241769 -- 4134569_4135660 -- 8292510_8296459 -- 8286070_8286889 -- 33192230_33194129 -- 32949589_32950460 -- 32917769_32919089 -- 33338449_33339930 -- 33252820_33253989 -- 32852040_32853089 -- 32956440_32957239 -- 4123149_4124229 -- 33055239_33055620 -- 32809220_32811019 -- 32772879_32773589 -- 512850_513539 -- 32775640_32776559 -- 33000589_33000760 -- 32832540_32833339 -- 33257839_33264360 -- 32833339_32836970 -- 32979019_32979379 -- 32988390_32989199 -- 8229059_8232350 -- 32989199_32990440 -- 33350879_33351879 -- 8238459_8239290 -- 8367760_8368629 -- 32826839_32827640 -- 1028319_1028480 -- 4150470_4151609 -- 32980629_32981440 -- 33198519_33198769 -- 4153899_4154850 -- 16751779_16817930 -- 32801129_32801640 -- 33317100_33318019 -- 33041110_33041559 -- 33159839_33161809 -- 33266330_33266519 -- 33315629_33315830 -- 33199370_33199769 -- 33246699_33247500 -- 33272839_33273650 -- 32784949_32786410 -- 1027810_1028319 -- 32913690_32914489 -- 32941180_32943589 -- 4172359_4173160 -- 33468010_33474699 -- 33488980_33490379 -- 33477199_33478000 -- 33436589_33437390 -- 33324110_33325449 -- 16742930_16751779 -- 33266519_33266690 -- 33327559_33327800 -- 33245300_33246699 -- 8237260_8238459 -- 4156189_4159790 -- 33395559_33395690 -- 16387680_16395919 -- 8365809_8366620 -- 33314790_33315629 -- 33194129_33195309 -- 33102550_33105809 -- 32843559_32844470 -- 32957239_32960239 -- 32961379_32963280 -- 32826010_32826839 -- 33256820_33257839 -- 33381489_33382410 -- 32853089_32855160 -- 33550129_33551360 -- 32801790_32802589 -- 33016809_33017839 -- 8228059_8229059 -- 33066379_33066589 -- 33190470_33191309 -- 33006820_33007629 -- 32845589_32846390 -- 32979629_32980629 -- 33326050_33327449 -- 32844470_32845589 -- 1026670_1027339 -- 33199769_33200320 -- 1041790_1042119 -- 32829040_32829839 -- 33000760_33001379 -- 32855160_32856059 -- 32916710_32917769 -- 32874839_32875710 -- 33111900_33112949 -- 32868769_32869570 -- 4132689_4133689 -- 33435769_33436589 -- 33000410_33000589 -- 32927540_32928489 -- 32776559_32777850 -- 32829839_32830769 -- 33058269_33058879 -- 33302199_33308120 -- 32828239_32829040 -- 32919089_32919890 -- 1043859_1044950 -- 32836970_32837809 -- 33056860_33058269 -- 8330209_8331299 -- 4133689_4134040 -- 8265129_8266620 -- 32807309_32807420 -- 33159040_33159839 -- 8315299_8316110 -- 32866790_32868769 -- 33066220_33066379 -- 33068870_33072019 -- 33254809_33255820 -- 32923309_32926150 -- 33082040_33088879 -- 8253459_8255000 -- 256079_256550 -- 32771830_32772879 -- 33350080_33350879 -- 8306799_8308510 -- 254330_256079 -- 33546210_33547309 -- 4169580_4172359 -- 33001379_33002230 -- 32773970_32774559 -- 33178510_33180269 -- 33002230_33003519 -- 32982410_32984629 -- 8376040_8376959 -- 8320809_8322490 -- 33271699_33272839 -- 33412739_33415089 -- 33037199_33038000 -- 33121089_33122120 -- 8373809_8376040 -- 33522830_33523629 -- 4144710_4145819 -- 33066589_33066820 -- 8325480_8330209 -- 33105809_33106620
35_07,32924839_32925640 -- 33320379_33320460 -- 16499349_16506619 -- 2070929_2071750 -- 33262140_33263519 -- 33144879_33145089 -- 33464059_33465070 -- 32806949_32807750 -- 33051629_33052850 -- 16715060_16717689 -- 33413239_33414470 -- 33083839_33083940 -- 33541809_33542650 -- 33328699_33329050 -- 33276449_33277730 -- 33443000_33443589 -- 33160839_33160949 -- 16625750_16626689 -- 16683419_16684619 -- 32853519_32854320 -- 33511809_33513730 -- 32925640_32926699 -- 33197129_33197430 -- 33206449_33206559 -- 4106899_4108140 -- 33501989_33502129 -- 33007580_33013839 -- 33039019_33040300 -- 33072269_33073480 -- 33310199_33311260 -- 33381500_33383309 -- 4105529_4106899 -- 16692779_16693580 -- 16754919_16769340 -- 33264809_33266510 -- 33028269_33030820 -- 16660279_16660939 -- 33227379_33227489 -- 33355970_33356769 -- 33495830_33496629 -- 33378309_33379460 -- 33151089_33151269 -- 33307769_33307940 -- 33458019_33460989 -- 33315500_33316839 -- 16662820_16663759 -- 33405980_33407059 -- 33541720_33541809 -- 33431489_33432989 -- 32908559_32909339 -- 16541919_16546390 -- 33245500_33246839 -- 16682790_16683419 -- 32837629_32838839 -- 32863120_32864989 -- 16602980_16603779 -- 33233970_33234519 -- 33271220_33272019 -- 4133529_4135210 -- 33248059_33248440 -- 4180729_4181700 -- 33323239_33323820 -- 61470_65069 -- 33071170_33072269 -- 33104100_33104699 -- 4095810_4096609 -- 33405379_33405750 -- 33530960_33531769 -- 33312059_33312370 -- 32924040_32924839 -- 33013839_33014710 -- 16718710_16721619 -- 4097439_4098240 -- 16612779_16615270 -- 33217839_33218440 -- 2067949_2070929 -- 32898600_32899629 -- 16426029_16426860 -- 33525449_33525550 -- 33385930_33386739 -- 33467449_33470390 -- 33026830_33028269 -- 33234519_33234860 -- 33337680_33340699 -- 33507269_33507960 -- 32984199_32984720 -- 33194339_33194670 -- 2060630_2061719 -- 32875629_32876440 -- 16552169_16553169 -- 33400720_33403519 -- 32877839_32879210 -- 33269989_33271220 -- 16586509_16592290 -- 33246839_33248059 -- 33095140_33095739 -- 33507960_33511809 -- 33537839_33538839 -- 33068449_33069720 -- 33126510_33127309 -- 33347989_33349030 -- 33346199_33347040 -- 1027560_1028359 -- 33152589_33155269 -- 32983390_32983879 -- 16684619_16685419 -- 16584490_16586509 -- 33460989_33464059 -- 16753960_16754919 -- 32840309_32840610 -- 33207650_33207809 -- 16600860_16601099 -- 33057750_33057879 -- 33540129_33540290 -- 33362820_33363519 -- 32900769_32902620 -- 33316839_33317230 -- 16557950_16560369 -- 32866000_32866589 -- 32801650_32802629 -- 16506619_16507390 -- 33363839_33364760 -- 33205870_33206449 -- 16527689_16528550 -- 33065550_33066699 -- 32866949_32868110 -- 32950519_32951320 -- 33095739_33104100 -- 33536300_33536839 -- 16574660_16575529 -- 4150560_4151609 -- 33263519_33264710 -- 2076620_2082659 -- 16634130_16634939 -- 16660939_16661820 -- 16622509_16623390 -- 33308210_33308379 -- 16520689_16521500 -- 16735580_16736419 -- 33274339_33275629 -- 32791019_32792080 -- 33160650_33160839 -- 33407059_33407230 -- 16601099_16601930 -- 33342089_33342230 -- 16606419_16608060 -- 33127309_33129400 -- 33050460_33051629 -- 16411080_16411939 -- 33276290_33276449 -- 4165500_4166439 -- 33377449_33377980 -- 16611970_16612779 -- 4153779_4155880 -- 16498220_16499349 -- 16575529_16576380 -- 33502129_33502370 -- 33542650_33543449 -- 33222089_33223730 -- 33329860_33331019 -- 32847930_32848379 -- 33275629_33276290 -- 33159449_33160650 -- 4179270_4180729 -- 16634939_16635840 -- 16411939_16412950 -- 32839269_32840309 -- 16685419_16687340 -- 16430599_16431730 -- 4139600_4140979 -- 33319540_33320379 -- 33288339_33290309 -- 32814670_32814949 -- 33532879_33533960 -- 16534689_16535119 -- 33455080_33455879 -- 4132060_4133529 -- 33346080_33346199 -- 33383309_33385129 -- 33359769_33360230 -- 33260420_33261059 -- 33498650_33499199 -- 32815269_32816940 -- 33188699_33189839 -- 32975720_32975879 -- 33274050_33274339 -- 33160949_33161480 -- 33492530_33494449 -- 33206559_33207650 -- 32906620_32906879 -- 33489280_33489449 -- 16516189_16516869 -- 32906879_32908559 -- 16395259_16395860 -- 32825470_32826199 -- 33522949_33523080 -- 33411390_33413239 -- 33229309_33229610 -- 2086889_2091250 -- 33290489_33290750 -- 33385129_33385930 -- 16383330_16384189 -- 16533660_16534509 -- 33224739_33225540 -- 32869440_32870629 -- 33067510_33068449 -- 33121059_33121660 -- 33496629_33496790 -- 32949720_32950519 -- 16423009_16426029 -- 33250519_33251860 -- 32852489_32853519 -- 33215220_33216019 -- 16736419_16738279 -- 33272019_33272170 -- 33134629_33134720 -- 33187559_33188699 -- 33341750_33342089 -- 33117620_33121059 -- 4100189_4101189 -- 32864989_32866000 -- 4151609_4152779 -- 33200600_33200809 -- 33505970_33507269 -- 2086060_2086889 -- 33193230_33194059 -- 33404379_33405379 -- 2067770_2067949 -- 32911920_32913199 -- 33290309_33290489 -- 33226540_33227379 -- 16560369_16562070 -- 33547559_33548360 -- 33175030_33175839 -- 33301250_33301589 -- 16413750_16414349 -- 16490200_16491369 -- 33196920_33197129 -- 33058879_33059879 -- 33386739_33387790 -- 16535119_16536009 -- 16676349_16677070 -- 33022559_33023720 -- 33443589_33443710 -- 4166439_4168300 -- 33501769_33501989 -- 33546190_33547559 -- 32844830_32845239 -- 16621680_16622509 -- 4101189_4102189 -- 4102189_4103100 -- 33194059_33194339 -- 33362019_33362820 -- 16630349_16631450 -- 16448400_16449419 -- 32956809_32957839 -- 33434620_33438019 -- 16616119_16616770 -- 16629490_16630349 -- 33314699_33315500 -- 33104699_33109160 -- 16717689_16718710 -- 32969440_32970089 -- 33144780_33144879 -- 16553169_16554140 -- 33268089_33269089 -- 16517910_16519009 -- 33536839_33537839 -- 16615270_16616119 -- 32870629_32871430 -- 16603779_16604720 -- 33053460_33054809 -- 33308379_33309180 -- 32802629_32803760 -- 32773519_32775140 -- 1039589_1040410 -- 4146279_4147370 -- 33199519_33200320 -- 32814949_32815269 -- 16509550_16509689 -- 33311449_33312059 -- 4140979_4142040 -- 32913199_32914360 -- 33228070_33229309 -- 2071750_2072929 -- 32959839_32960660 -- 33223730_33224739 -- 16541080_16541919 -- 16429770_16430599 -- 33189839_33190330 -- 4191450_4192569 -- 4192569_4195430 -- 33391820_33393089 -- 33093410_33094019 -- 32899629_32900769 -- 33287050_33288339 -- 33129400_33130239 -- 33179870_33180309 -- 2076199_2076620 -- 33180309_33181110 -- 2072929_2076020 -- 32932199_32934470 -- 32773190_32773519 -- 2061719_2062840 -- 16509689_16513290 -- 32806350_32806739 -- 33155269_33155720 -- 33216019_33217839 -- 33037220_33038019 -- 32835379_32836180 -- 33187070_33187559 -- 33377150_33377449 -- 33142100_33142809 -- 33431280_33431489 -- 33442199_33443000 -- 32930650_32932199 -- 33482080_33483339 -- 16534509_16534689 -- 16721619_16723590 -- 33453199_33453600 -- 33146540_33147239 -- 32845239_32845430 -- 33057879_33058879 -- 33312370_33313699 -- 33094019_33095140 -- 32798879_32799820 -- 32955989_32956809 -- 33261059_33261140 -- 33441589_33442199 -- 16550369_16552169 -- 16693580_16699509 -- 33456449_33458019 -- 32957839_32959839 -- 16675550_16676349 -- 33306730_33307769 -- 33285809_33285930 -- 33466650_33467449 -- 33249480_33250519 -- 32851650_32852489 -- 16519009_16520689 -- 33059879_33062600 -- 33543449_33544250 -- 16451380_16453259 -- 16414349_16415810 -- 4103899_4105529 -- 33403870_33404379 -- 32837180_32837629 -- 4103100_4103899 -- 33313699_33313930 -- 33525370_33525449 -- 16663759_16664580 -- 33198290_33199519 -- 33527150_33527949 -- 32817540_32818339 -- 33131040_33134629 -- 4152779_4153779 -- 32848379_32849080 -- 16491369_16492200 -- 33164629_33165230 -- 16691090_16692779 -- 33359629_33359769 -- 16526060_16527689 -- 33356769_33358050 -- 33538839_33539690 -- 33455879_33456129 -- 33269089_33269760 -- 33066699_33067510 -- 16393990_16395259 -- 33328170_33328699 -- 33150080_33151089 -- 16549470_16550369 -- 33432989_33434620 -- 33393089_33397670 -- 33539690_33540129 -- 33377980_33378309 -- 2076020_2076199 -- 33301589_33304100 -- 33438019_33439230 -- 2082659_2083530 -- 1028359_1030530 -- 16656180_16657029 -- 33142809_33144780 -- 16680110_16680759 -- 32806739_32806949 -- 4096609_4097439 -- 40435010_40435150 -- 33219470_33220989 -- 32818339_32820730 -- 33361089_33362019 -- 16449419_16450220 -- 16605330_16606419 -- 32873920_32875629 -- 33499199_33499330 -- 4137300_4138109 -- 33220989_33222089 -- 16384189_16387430 -- 32955190_32955989 -- 33269760_33269989 -- 33322570_33323239 -- 4145000_4146279 -- 33145089_33145640 -- 33309180_33310199 -- 33527949_33528820 -- 33531769_33532879 -- 33021960_33022559 -- 16453259_16455529 -- 4138109_4139600 -- 33483339_33484290 -- 33175839_33177320 -- 33227489_33228070 -- 4098240_4100189 -- 16699509_16700310 -- 33151269_33152589 -- 33147239_33149280 -- 16420230_16423009 -- 33161480_33164629 -- 16732779_16733580 -- 16626689_16627490 -- 33200809_33200920 -- 32975879_32980050 -- 40238600_40238860 -- 16731640_16732779 -- 33522760_33522949 -- 33038019_33039019 -- 16657029_16660279 -- 33500580_33501769 -- 32781559_32783620 -- 16536009_16537840 -- 65069_66070 -- 33494449_33494980 -- 33158330_33159449 -- 33360230_33361089 -- 33285620_33285809 -- 33331019_33331300 -- 33264710_33264809 -- 33130239_33131040 -- 33340699_33341750 -- 32926699_32930650 -- 16738279_16739090 -- 16455529_16456450 -- 32834500_32835379 -- 32985070_32985559 -- 33358650_33359629 -- 33267350_33268089 -- 32965620_32965949 -- 33314100_33314699 -- 32877040_32877839 -- 33311260_33311449 -- 32780230_32781559 -- 33347449_33347989 -- 16680759_16681860 -- 33242850_33243879 -- 32909339_32910190 -- 1038790_1039589 -- 33054809_33055780
20_06,
20_07,
29_07,
29_06,41677789_41678803 -- 41673250_41677789
03_07,
03_06,
22_06,
22_07,
46_06,
46_07,
18_07,
18_06,
15_06,
15_07,
14_07,34924300_34924460
14_06,
41_07,
41_06,
02_06,1926820_1932388 -- 2260570_2260800
02_07,
09_07,
09_06,
17_06,
17_07,
33_06,
33_07,
23_07,
23_06,
07_07,18162200_18163280
07_06,
34_07,
34_06,
37_06,16569550_16570599 -- 8369549_8370350 -- 16541330_16542939 -- 33383430_33384489 -- 8196639_8198129 -- 32918519_32924150 -- 16594730_16596029 -- 33156739_33157350 -- 33497379_33499050 -- 8269459_8271959 -- 33435739_33437330 -- 33179199_33181589 -- 33199809_33200820 -- 16622810_16624419 -- 33300970_33309489 -- 33402019_33402620 -- 33250239_33251410 -- 33471190_33471989 -- 8213370_8214879 -- 32885309_32887970 -- 33502720_33503589 -- 33144730_33146839 -- 33046690_33047339 -- 16391230_16392029 -- 33464129_33465220 -- 33428170_33429699 -- 33063660_33065839 -- 32967300_32967949 -- 33447129_33453070 -- 16629599_16630820 -- 16416750_16417849 -- 33147449_33148480 -- 33526019_33526830 -- 8244280_8245969 -- 33396379_33397489 -- 33397489_33397690 -- 8385709_8390960 -- 16401849_16402740 -- 8260080_8263549 -- 16512380_16513779 -- 33009780_33010699 -- 8289799_8292610 -- 16485550_16486369 -- 16675759_16676650 -- 16558110_16559119 -- 16734669_16738029 -- 33403890_33404489 -- 32820600_32821239 -- 16567300_16568099 -- 33371489_33372170 -- 33048629_33049430 -- 32958059_32967300 -- 33148480_33149809 -- 16688849_16690000 -- 16437630_16438419 -- 32937559_32941410 -- 16702939_16703740 -- 8214879_8215940 -- 16774119_16775369 -- 8198129_8201040 -- 16568099_16569550 -- 33004089_33004690 -- 33496379_33497379 -- 8340680_8342969 -- 8249379_8250290 -- 33233949_33234839 -- 33309489_33313160 -- 32942480_32944449 -- 33460809_33462290 -- 32944449_32945650 -- 16428169_16428970 -- 16474689_16477980 -- 33150949_33151070 -- 8241120_8243389 -- 16775369_16776180 -- 8204870_8207209 -- 16622009_16622810 -- 33271040_33277809 -- 33163730_33164589 -- 16703740_16707349 -- 16749099_16749900 -- 16674960_16675759 -- 32936250_32937559 -- 33513900_33514699 -- 16773320_16774119 -- 8268370_8269459 -- 33232949_33233949 -- 33176559_33179199 -- 16471730_16472529 -- 8359889_8362260 -- 33480839_33481660 -- 33384489_33385690 -- 16523050_16523419 -- 16454090_16455439 -- 16542939_16543540 -- 8279290_8280709 -- 16659419_16661070 -- 16694619_16697290 -- 33426269_33427370 -- 16414599_16415650 -- 32994739_32995500 -- 32821239_32826080 -- 33395379_33396379 -- 16738029_16739160 -- 33400920_33402019 -- 33277809_33278629 -- 16640119_16643770 -- 8342969_8343799 -- 33065839_33066440 -- 16421400_16422869 -- 16578810_16579619 -- 33413170_33414199 -- 32957260_32958059 -- 8343799_8345010 -- 16434919_16435919 -- 33004690_33005589 -- 33225470_33227019 -- 33222989_33224870 -- 33509960_33510809 -- 16483169_16484419 -- 8229389_8230690 -- 16473529_16474689 -- 16610830_16612279 -- 33529699_33531800 -- 8287379_8288980 -- 16592099_16592900 -- 16650009_16654320 -- 33158150_33158449 -- 33395250_33395379 -- 32995500_33004089 -- 16540689_16541330 -- 16575130_16575939 -- 33270239_33271040 -- 16570599_16571230 -- 16419460_16420599 -- 33261690_33270239 -- 32917720_32918519 -- 33149809_33150949 -- 16482259_16483169 -- 16486369_16488160 -- 33088379_33092190 -- 33232150_33232949 -- 33546600_33547559 -- 16603369_16604759 -- 33511809_33512610 -- 16655150_16659419 -- 8271959_8273570 -- 33191820_33192629 -- 33538280_33539089 -- 33335420_33336989 -- 16649169_16650009 -- 33389330_33390379 -- 33101830_33103769 -- 33105809_33106530 -- 16747770_16749099 -- 33166989_33167989 -- 16625509_16627509 -- 8247790_8249379 -- 32880970_32882239 -- 33425470_33426269 -- 33204309_33204600 -- 33471989_33474350 -- 33176430_33176559 -- 16484419_16485550 -- 33397690_33398089 -- 33374930_33375839 -- 16478980_16482259 -- 33400300_33400769 -- 33535239_33536070 -- 16638960_16640119 -- 16392029_16393090 -- 33385690_33386699 -- 32956379_32957260 -- 16627509_16629599 -- 16472529_16473529 -- 16700460_16701689 -- 33164879_33165190 -- 33023519_33030870 -- 32826080_32827089 -- 33466019_33466820 -- 33329949_33330750 -- 32894949_32896320 -- 16575939_16577130 -- 33146940_33147449 -- 32865210_32865809 -- 16620740_16622009 -- 8258889_8260080 -- 33227019_33228370 -- 33463290_33464129 -- 8345809_8347959 -- 8207209_8209180 -- 16402740_16404349 -- 0_1000 -- 8345010_8345809 -- 33193780_33193949 -- 33465220_33466019 -- 33203050_33204309 -- 8195610_8196639 -- 16435919_16436599 -- 16400320_16401849 -- 16544580_16549599 -- 16523419_16523650 -- 16423869_16424910 -- 16565869_16566689 -- 33144059_33144730 -- 32903780_32904379 -- 8366309_8367129 -- 33181589_33182420 -- 8286480_8287379 -- 16426750_16428169 -- 32859879_32860900 -- 16455439_16456439 -- 32876379_32877330 -- 33434739_33435739 -- 8367129_8369549 -- 33500699_33501800 -- 33367339_33368710 -- 33146839_33146940 -- 33129019_33131900 -- 16393090_16395869 -- 16687849_16688849 -- 32812489_32813290 -- 33066440_33068269 -- 33143260_33144059 -- 16395869_16396750 -- 32873780_32874629 -- 33325710_33326699 -- 33446290_33447129 -- 33047339_33048629 -- 16604759_16605619 -- 33514699_33515570 -- 32882239_32885309 -- 32955580_32956379 -- 16648310_16649169 -- 32827089_32836519 -- 33336989_33338610 -- 16456439_16457610 -- 33010699_33013320 -- 32874629_32876379 -- 16605619_16606450 -- 33121769_33122570 -- 33551309_33553180 -- 33493220_33495379 -- 33068269_33069070 -- 33531800_33532949 -- 16739160_16741009 -- 33107519_33109230 -- 16436599_16437630 -- 32846300_32859879 -- 33377410_33378519 -- 33534110_33535239 -- 33414199_33415000 -- 16537360_16540689 -- 33326699_33328030 -- 33190050_33190339 -- 16513779_16514790 -- 33420449_33421680 -- 32967949_32971820 -- 16407599_16408410 -- 16565009_16565869 -- 33087230_33088379 -- 33359739_33360540 -- 8245969_8246790 -- 33429699_33430300 -- 16599320_16603369 -- 33190339_33190580 -- 32894129_32894949 -- 33400769_33400920 -- 8324639_8325879 -- 33166190_33166989 -- 33278629_33287690 -- 8280709_8282980 -- 16549599_16550610 -- 33222910_33222989 -- 16433320_16434119 -- 8263549_8264350 -- 33389239_33389330 -- 8365120_8366309 -- 16733500_16734669 -- 16563960_16565009 -- 33433100_33434739 -- 33346690_33359739 -- 16579619_16580730 -- 16413800_16414599 -- 16707349_16709090 -- 33106690_33107519 -- 33398089_33398900 -- 33192629_33193780 -- 33164589_33164879 -- 33532949_33534110 -- 33329140_33329949 -- 33510809_33511809 -- 33388420_33389239 -- 16753540_16758439 -- 33547559_33548580 -- 8252889_8253930 -- 33234839_33236140 -- 33365420_33367339 -- 8288980_8289799 -- 33167989_33168910 -- 16693210_16694619 -- 32887970_32894129 -- 8227780_8229389 -- 33249440_33250239 -- 33378519_33379660 -- 33158449_33158800 -- 8220559_8221660 -- 16420599_16421400 -- 33005589_33006210 -- 33127940_33129019 -- 33390379_33390750 -- 33369330_33371489 -- 16701689_16702939 -- 16422869_16423869 -- 16590810_16592099 -- 33529500_33529699 -- 33418710_33420449 -- 33539089_33540930 -- 16596029_16597180 -- 33375839_33377410 -- 16404349_16407599 -- 33155940_33156739 -- 33193949_33195089 -- 32865809_32872780 -- 8323770_8324639 -- 16559119_16560560 -- 33524460_33526019 -- 33459230_33460809 -- 33503589_33505480 -- 16438419_16439230 -- 33212730_33213989 -- 32790790_32812489 -- 16566689_16567300 -- 16612279_16613310 -- 32904379_32907220 -- 8325879_8326860 -- 33404489_33405830 -- 33495379_33496379 -- 8256500_8258889 -- 8358930_8359889 -- 8252090_8252889 -- 16758439_16759460 -- 16686970_16687849 -- 33022920_33023519 -- 33386699_33388420 -- 8384910_8385709 -- 33103769_33105809 -- 33480040_33480839 -- 33213989_33214790 -- 32994500_32994739 -- 8347959_8349530 -- 8219760_8220559 -- 33505480_33506489 -- 33121170_33121769 -- 16417849_16418460 -- 16741009_16741970 -- 33506489_33507300 -- 16624419_16625509 -- 33499050_33500699 -- 16434119_16434919 -- 8243389_8244280 -- 33548580_33551309 -- 32836519_32837390
37_07,33077239_33078500 -- 16424960_16425759 -- 16585750_16586259 -- 16525509_16527220 -- 33123379_33124269 -- 33125820_33126629 -- 16769450_16771099 -- 33411650_33412739 -- 33319160_33320269 -- 33462260_33463089 -- 16463669_16467090 -- 33159449_33160690 -- 33449559_33450559 -- 32813129_32813420 -- 2082639_2083489 -- 16613669_16614470 -- 16710340_16711619 -- 33102699_33104379 -- 33342769_33344070 -- 33441239_33441690 -- 33419059_33420830 -- 33270699_33272019 -- 32925460_32925699 -- 32815449_32817390 -- 33545089_33545940 -- 32987360_32990629 -- 33551449_33552050 -- 33540290_33541089 -- 16490009_16490810 -- 16433310_16434279 -- 4183229_4184029 -- 33124269_33125820 -- 33140699_33141500 -- 33513059_33513980 -- 4150529_4150609 -- 2083489_2083560 -- 33272019_33272129 -- 8226270_8247719 -- 33076430_33076559 -- 16542150_16543509 -- 32834510_32835519 -- 16571220_16578689 -- 33286390_33287309 -- 33085730_33087059 -- 2083560_2084489 -- 4158890_4160819 -- 33287309_33288300 -- 32956769_32957800 -- 16776619_16778740 -- 16729509_16730310 -- 33030839_33031040 -- 33157199_33158839 -- 33100070_33100949 -- 16562029_16562830 -- 33064660_33064739 -- 16584939_16585750 -- 4184029_4185450 -- 16461990_16462869 -- 4140029_4140830 -- 16595410_16596439 -- 32992089_32993339 -- 4101729_4102590 -- 33016960_33018449 -- 16662939_16663759 -- 516570_517169 -- 2081400_2082639 -- 33333309_33334110 -- 32982339_32986559 -- 4105939_4106740 -- 33254379_33255269 -- 16612869_16613669 -- 32844879_32845800 -- 32889699_32890550 -- 33037089_33038000 -- 33414339_33416059 -- 4134770_4135819 -- 33323699_33323920 -- 2091659_2092659 -- 129770_130789 -- 33541089_33541260 -- 32857720_32857989 -- 33485879_33486660 -- 16570419_16571220 -- 4176090_4177029 -- 33030440_33030589 -- 4138399_4139229 -- 16767250_16768849 -- 32857989_32859530 -- 33063589_33064660 -- 8294709_8295510 -- 4154689_4155229 -- 33536629_33538410 -- 16514290_16516029 -- 16428669_16433310 -- 16491619_16492480 -- 8374850_8376049 -- 33031839_33032050 -- 8189110_8197809 -- 32862790_32863589 -- 33028519_33029629 -- 33011089_33011890 -- 1026569_1027530 -- 33115199_33116760 -- 33385989_33386809 -- 16524710_16525509 -- 16772369_16774220 -- 16618689_16620300 -- 2052739_2053130 -- 33255269_33256070 -- 33100949_33102699 -- 2062429_2065199 -- 32957800_32959629 -- 4177109_4178729 -- 32959629_32960680 -- 33474379_33475699 -- 33201309_33202680 -- 32813420_32814339 -- 8376049_8376910 -- 33234519_33235320 -- 33010050_33011089 -- 32872379_32874180 -- 32775140_32775989 -- 1044079_1045730 -- 33323080_33323699 -- 4135819_4138399 -- 16510330_16510669 -- 33030589_33030839 -- 32812820_32813129 -- 130789_132170 -- 33517089_33517960 -- 16583750_16584939 -- 33451839_33452860 -- 33507559_33507800 -- 2068880_2069679 -- 4178729_4179540 -- 4125149_4125950 -- 33063120_33063589 -- 16461009_16461990 -- 8343209_8351950 -- 33396629_33398370 -- 33471470_33472309 -- 33156019_33157199 -- 517169_518169 -- 33484440_33485879 -- 2072560_2074889 -- 4190649_4191680 -- 33066559_33066830 -- 16425759_16426980 -- 32835519_32836339 -- 32814339_32815449 -- 33272129_33272930 -- 33035199_33036290 -- 33393629_33393769 -- 33440040_33441239 -- 33126629_33128110 -- 33004760_33005989 -- 32871309_32872379 -- 4100930_4101729 -- 16510669_16510849 -- 33296769_33297570 -- 33122260_33123379 -- 32865190_32866199 -- 16663759_16665099 -- 33082559_33083379 -- 33251940_33253199 -- 33528449_33528910 -- 33550650_33551449 -- 33413540_33414339 -- 33194760_33195559 -- 16578689_16579320 -- 2067239_2068880 -- 33367680_33369269 -- 16548860_16549119 -- 4181029_4181630 -- 16662140_16662939 -- 2074889_2076239 -- 16517869_16518860 -- 33237410_33238309 -- 33299519_33300519 -- 16582419_16582560 -- 33483809_33484440 -- 16508779_16509380 -- 33105180_33106199 -- 33026820_33027629 -- 33104379_33105180 -- 2076239_2077239 -- 16590430_16592099 -- 4180200_4181029 -- 33239589_33240430 -- 32981540_32982339 -- 33154970_33156019 -- 4190520_4190649 -- 4188850_4189149 -- 33230089_33232070 -- 33043699_33045269 -- 33320269_33320580 -- 4150609_4151970 -- 16497369_16497560 -- 32826059_32826860 -- 16764349_16765580 -- 16477119_16477919 -- 33029629_33030440 -- 33512650_33513059 -- 16462869_16463669 -- 16516029_16517869 -- 33195559_33198360 -- 33083379_33084710 -- 16568060_16570419 -- 33060129_33061150 -- 16596439_16597240 -- 4147529_4148560 -- 16499640_16499939 -- 33386809_33389989 -- 33405839_33407110 -- 33506500_33507559 -- 33034400_33035199 -- 32805089_32805890 -- 33412739_33413430 -- 33269820_33270699 -- 16507950_16508779 -- 16581560_16582419 -- 33172100_33173559 -- 32784019_32785300 -- 33475699_33477489 -- 33450559_33451839 -- 2089790_2091659 -- 16489140_16490009 -- 33394830_33396629 -- 2046080_2048409 -- 16758369_16759490 -- 16423849_16424960 -- 33165120_33166129 -- 32986559_32987360 -- 16474180_16477119 -- 32965839_32967809 -- 16615419_16616300 -- 2077239_2079130 -- 16768849_16769450 -- 33542690_33543199 -- 33225760_33226559 -- 33359949_33360900 -- 8247719_8248520 -- 4105840_4105939 -- 16642890_16646439 -- 33166129_33167260 -- 16695279_16699450 -- 33405040_33405839 -- 33027629_33028519 -- 33080820_33082559 -- 16499939_16500240 -- 33045269_33046120 -- 33076559_33077239 -- 32836339_32838350 -- 2051090_2051739 -- 16635580_16636419 -- 16763500_16764349 -- 16736619_16737509 -- 33383489_33384949 -- 16647439_16651540 -- 33390870_33392269 -- 33114040_33115199 -- 32926809_32928510 -- 33303690_33304489 -- 32971540_32972739 -- 1028790_1029589 -- 16704419_16705570 -- 4123550_4125149 -- 32926190_32926809 -- 16521200_16522119 -- 1029589_1030390 -- 16685779_16686599 -- 16725290_16729509 -- 16614470_16615419 -- 32781360_32784019 -- 33306780_33308519 -- 33261809_33263790 -- 33036290_33037089 -- 2085639_2086730 -- 4182430_4183229 -- 4193479_4194850 -- 8290510_8294709 -- 513140_514179 -- 33437449_33438250 -- 2049239_2051090 -- 32843510_32844879 -- 33416059_33416860 -- 32775989_32777210 -- 16522119_16524710 -- 33494620_33494699 -- 4153569_4154689 -- 8197809_8198610 -- 33447440_33449559 -- 2066000_2067239 -- 33393769_33394830 -- 16496570_16497369 -- 16646439_16647439 -- 33087059_33088650 -- 32972739_32973350 -- 16711619_16713490 -- 33308519_33310360 -- 33139360_33140699 -- 33253199_33254379 -- 32777210_32777809 -- 32799070_32799489 -- 16750800_16751759 -- 4121399_4123550 -- 32869300_32871309 -- 33006989_33007790 -- 33304489_33305910 -- 33535830_33536629 -- 16754919_16758369 -- 33174379_33175620 -- 33445089_33445890 -- 522240_523039 -- 33032050_33032449 -- 33135239_33136489 -- 4189149_4189950 -- 33439489_33440040 -- 33490769_33491140 -- 1043270_1044079 -- 33543290_33545089 -- 33018449_33019890 -- 16592099_16594610 -- 2070679_2071690 -- 33298480_33299519 -- 16549119_16550240 -- 16665099_16667840 -- 32964030_32964949 -- 33263790_33264589 -- 32990629_32992089 -- 33226559_33227559 -- 4177029_4177109 -- 32848260_32849199 -- 33173559_33174379 -- 33487800_33487879 -- 2061630_2062429 -- 33332710_33333309 -- 16636419_16637880 -- 32929960_32930559 -- 33233720_33234519 -- 33031040_33031839 -- 16705570_16706369 -- 32993339_32994650 -- 33444290_33445089 -- 16586259_16587200 -- 32849199_32849800 -- 16684390_16685779 -- 257529_260130 -- 4155229_4155300 -- 33341120_33342769 -- 32804160_32805089 -- 33369269_33371650 -- 16477919_16478720 -- 4120350_4121399 -- 33065550_33066559 -- 16774820_16775619 -- 256730_257529 -- 16561650_16562029 -- 32940470_32955769 -- 16543509_16545070 -- 32883489_32884290 -- 32799489_32799780 -- 33206449_33207610 -- 33064739_33065550 -- 16426980_16427869 -- 33200180_33201309 -- 33181980_33185989 -- 33136489_33137460 -- 4106740_4109569 -- 8225469_8226270 -- 16686599_16688160 -- 2084489_2085639 -- 4149640_4150529 -- 4152240_4153569 -- 16427869_16428669 -- 16511009_16512550 -- 33238309_33239589 -- 16401470_16423849 -- 16694029_16695279 -- 16706369_16708340 -- 4142840_4143609 -- 518169_520960 -- 4161899_4163380 -- 33528309_33528449 -- 16693230_16694029 -- 33261150_33261809 -- 33359120_33359949 -- 33384949_33385989 -- 33438250_33439489 -- 8338830_8343209 -- 33523129_33523540 -- 32955769_32956769 -- 2060699_2060780 -- 33205500_33206449 -- 33353030_33354239 -- 32866199_32867460 -- 33108449_33109910 -- 32903960_32904769 -- 33227559_33228860 -- 33151129_33152510 -- 33488820_33490769 -- 32817390_32821989 -- 33436650_33437449 -- 16487230_16487849 -- 33106199_33107030 -- 33477489_33481690 -- 16720869_16725290 -- 1025300_1026569 -- 514179_515150 -- 16775619_16776619 -- 33526330_33528309 -- 32930559_32930690 -- 16735820_16736619 -- 33025809_33026820 -- 32964949_32965839 -- 2069679_2070679 -- 32888120_32889699 -- 523039_523850 -- 2051739_2052739 -- 32825250_32826059 -- 8200600_8225469 -- 33158839_33159449 -- 16617460_16618689 -- 33186809_33187690 -- 33392269_33393629 -- 16737509_16741150 -- 16611880_16612869 -- 33487879_33488820 -- 33516260_33517089 -- 2092659_2093460 -- 33381780_33383489 -- 32821989_32824449 -- 32824449_32825250 -- 33058420_33060129 -- 33005989_33006989 -- 32777809_32779540 -- 16459110_16461009 -- 16510849_16511009 -- 16771099_16772369 -- 33418260_33419059 -- 33032449_33033250 -- 32767100_32769839 -- 4192290_4193479 -- 33107030_33108449 -- 33264589_33265730 -- 32863589_32865190 -- 32967809_32969470 -- 2048409_2049239 -- 33538410_33539489 -- 33543199_33543290 -- 32882650_32883489 -- 16751759_16754919 -- 32769839_32770640 -- 32904769_32904960 -- 4160819_4161899 -- 33539489_33540290 -- 33389989_33390870 -- 16713490_16720869 -- 33042230_33043699 -- 33463089_33463910 -- 16487849_16489140 -- 33024140_33025809 -- 33228860_33230089 -- 33494699_33494930 -- 33295470_33296769 -- 16434279_16439340 -- 16703599_16704419 -- 2059650_2060699 -- 33521730_33523129 -- 4143609_4143720 -- 33150330_33151129 -- 4139229_4140029 -- 33472309_33474379 -- 33482640_33483809 -- 33300519_33301580 -- 33354239_33355360 -- 4109569_4110170 -- 16490810_16491619 -- 33185989_33186809 -- 2065199_2066000 -- 16702790_16703599 -- 33134930_33135239
43_07,52051960_52060095 -- 7009060_7010361
43_06,
30_07,
30_06,5535430_5540543
12_07,
12_06,
25_07,
25_06,
32_07,
32_06,
40_06,16669480_16670189 -- 33059120_33060129 -- 33458830_33461269 -- 16552169_16553169 -- 16473189_16473990 -- 4162620_4164069 -- 16447119_16448009 -- 2087909_2088920 -- 16430650_16430849 -- 4135979_4137210 -- 16442349_16443189 -- 32852559_32857239 -- 4146319_4147120 -- 2086139_2086940 -- 16760599_16761689 -- 8211799_8215020 -- 16502300_16503099 -- 16432710_16433509 -- 8181260_8200969 -- 2073350_2073489 -- 16463189_16464230 -- 16726919_16727720 -- 33537640_33538449 -- 16744509_16746380 -- 32825629_32848250 -- 16467919_16469610 -- 4189569_4190870 -- 8339959_8380610 -- 16426509_16429160 -- 8202370_8202969 -- 33063830_33069269 -- 33453269_33454410 -- 33319559_33326050 -- 33502309_33503379 -- 16406009_16408419 -- 16708630_16715869 -- 8240809_8252559 -- 16655480_16656919 -- 16765189_16766200 -- 33398269_33408010 -- 4149649_4149870 -- 32917019_32917870 -- 16421279_16422640 -- 4118290_4119479 -- 2073710_2073949 -- 16411779_16412990 -- 33412589_33413660 -- 2064679_2065380 -- 32770860_32772019 -- 33256040_33256839 -- 16453790_16454939 -- 16438070_16442349 -- 16487529_16488330 -- 16454939_16456460 -- 33318750_33319559 -- 4101460_4103649 -- 16445840_16447119 -- 16498349_16499040 -- 16412990_16414189 -- 2078190_2079409 -- 33529839_33530839 -- 33550629_33551430 -- 16423669_16426509 -- 4103649_4105410 -- 32882120_32883129 -- 16601419_16602680 -- 33385589_33386390 -- 16553169_16554099 -- 16477470_16479419 -- 33313190_33315089 -- 2066469_2067400 -- 4123779_4124630 -- 16450330_16452169 -- 16684490_16685509 -- 33175710_33176309 -- 32926080_32945739 -- 16755140_16756419 -- 16449029_16449390 -- 4169359_4170160 -- 16674070_16675009 -- 16666029_16666830 -- 4175899_4177040 -- 16761689_16762390 -- 8230889_8240809 -- 32999670_33012309 -- 32865879_32866960 -- 2079409_2080710 -- 33297559_33298519 -- 4134979_4135979 -- 16494349_16494900 -- 16691169_16692300 -- 8200969_8201570 -- 16764000_16765189 -- 2092739_2093350 -- 4164069_4165910 -- 33522690_33523489 -- 33438129_33440210 -- 4177640_4178439 -- 16528669_16531550 -- 33315089_33315960 -- 33442660_33443769 -- 8202969_8211200 -- 32893000_32894019 -- 16522890_16523939 -- 16757349_16758400 -- 16408419_16409300 -- 2065380_2066469 -- 16760000_16760599 -- 33012309_33013410 -- 4188640_4189569 -- 33060129_33062010 -- 16516200_16517779 -- 16658080_16659029 -- 33411790_33412589 -- 33538449_33540170 -- 16498250_16498349 -- 32781309_32794080 -- 2063159_2064679 -- 32969260_32970059 -- 16571849_16573630 -- 33443769_33444730 -- 32857239_32858040 -- 1023680_1024089 -- 33040309_33041309 -- 16414189_16414419 -- 16494270_16494349 -- 32970059_32983120 -- 33299330_33300559 -- 32819519_32821680 -- 33116989_33175710 -- 33493160_33493769 -- 4153990_4154649 -- 16756419_16757349 -- 33176309_33236390 -- 33375510_33377239 -- 32851760_32852559 -- 16620200_16621009 -- 16687099_16687900 -- 33546150_33546949 -- 33486839_33488120 -- 2059080_2060159 -- 32780309_32781309 -- 253780_257149 -- 16403410_16405009 -- 2083739_2084739 -- 16621849_16623119 -- 33069269_33070309 -- 32824820_32825629 -- 4106859_4108870 -- 16422640_16423669 -- 4121140_4123779 -- 16751320_16752369 -- 2050139_2051330 -- 16716669_16721200 -- 257149_258230 -- 4178439_4179350 -- 8211200_8211799 -- 16706169_16708630 -- 16743460_16744509 -- 4148029_4148189 -- 2051330_2051929 -- 4165910_4166859 -- 33303559_33304550 -- 16448009_16448259 -- 16569230_16571849 -- 32894019_32898290 -- 16387169_16388550 -- 33373949_33375510 -- 16690540_16691169 -- 4175090_4175899 -- 33035660_33040309 -- 33070309_33071890 -- 4166859_4167660 -- 33116190_33116989 -- 16465390_16465779 -- 16465169_16465390 -- 33503379_33507710 -- 16619599_16620200 -- 16383730_16387169 -- 33041309_33051040 -- 16542970_16547509 -- 16624110_16626009 -- 16465779_16467919 -- 33302760_33303559 -- 2084739_2085340 -- 33483530_33485839 -- 16430849_16431700 -- 16626619_16627580 -- 16561599_16565150 -- 16724369_16725390 -- 32890780_32892199 -- 33296440_33297559 -- 8219299_8220450 -- 129120_130539 -- 33256839_33257640 -- 16405009_16406009 -- 33491230_33491839 -- 4119479_4120340 -- 16476869_16477470 -- 16410330_16411779 -- 16554099_16554900 -- 16752369_16753540 -- 16479419_16479580 -- 16470419_16473189 -- 33546949_33550629 -- 4140310_4141109 -- 16414419_16414790 -- 4154649_4156550 -- 16685509_16687099 -- 16715869_16716669 -- 33396220_33398269 -- 33493769_33494830 -- 33451470_33453269 -- 32898290_32899089 -- 33372860_33373949 -- 2086940_2087909 -- 33485839_33486839 -- 2081570_2083739 -- 8329910_8339959 -- 2051929_2053260 -- 16722210_16724369 -- 16464230_16465169 -- 16517779_16520919 -- 1039849_1041690 -- 16503099_16504240 -- 4141109_4143240 -- 1024089_1025140 -- 33523489_33526370 -- 32778230_32780309 -- 16486070_16487529 -- 32866960_32874379 -- 16665060_16666029 -- 16508759_16508880 -- 32772019_32777390 -- 4105410_4106859 -- 33378460_33385589 -- 16618800_16619599 -- 16514529_16515200 -- 16600360_16601419 -- 16725390_16726919 -- 8229780_8230889 -- 4148189_4148790 -- 16675009_16675849 -- 16512230_16514529 -- 32874379_32875390 -- 2060159_2061960 -- 16507750_16508759 -- 16670279_16670380 -- 33300559_33301370 -- 33528460_33529839 -- 8215930_8219299 -- 16459830_16463189 -- 2061960_2063159 -- 33478440_33479239 -- 33437140_33438129 -- 2091159_2092739 -- 32899089_32917019 -- 16656919_16658080 -- 32814260_32819519 -- 1037130_1039849 -- 16523939_16528669 -- 33461269_33462330 -- 16675849_16677830 -- 16659029_16659630 -- 16520919_16522890 -- 4146130_4146319 -- 16670189_16670279 -- 2048750_2050139 -- 16626009_16626619 -- 16473990_16476869 -- 16550830_16552169 -- 33298519_33299330 -- 4167660_4169359 -- 16621009_16621849 -- 130539_131340 -- 16443189_16444220 -- 32892199_32893000 -- 16547509_16550830 -- 33498900_33502309 -- 33530839_33531640 -- 16452169_16452790 -- 33488920_33489519 -- 2085340_2086139 -- 33491839_33493160 -- 16623119_16624110 -- 32945739_32947680 -- 16704910_16706169 -- 32883129_32890780 -- 4185399_4187210 -- 16469610_16470419 -- 2073949_2074940 -- 4184600_4185399 -- 2090350_2091159 -- 2073489_2073710 -- 16420480_16421279 -- 4134180_4134979 -- 33377239_33378460 -- 32860690_32865879 -- 16433509_16434610 -- 33489519_33491230 -- 33479239_33480170 -- 16560220_16561599 -- 8252559_8253500
40_07,16704880_16706369 -- 32887379_32888420 -- 16602779_16603580 -- 33553739_33554740 -- 4122229_4123160 -- 33219980_33220989 -- 519039_523289 -- 33048379_33049970 -- 32945970_32946769 -- 4108000_4108939 -- 16717720_16721509 -- 16623830_16624349 -- 33140870_33142059 -- 33176309_33177519 -- 16629730_16629919 -- 32927660_32928879 -- 33441080_33446309 -- 16739040_16744259 -- 4158729_4160850 -- 16773529_16774950 -- 33375489_33376379 -- 33509180_33510559 -- 16463419_16464470 -- 33261140_33263019 -- 4190210_4191439 -- 32941769_32942890 -- 16410529_16411779 -- 25861790_25862765 -- 16562700_16565369 -- 33511620_33512699 -- 16540130_16540759 -- 16600279_16601520 -- 33066129_33067230 -- 32780550_32781739 -- 16400500_16401099 -- 32943839_32945129 -- 33320410_33321269 -- 33541720_33542519 -- 16646570_16647369 -- 2093630_2095199 -- 32995720_32996519 -- 4149859_4150840 -- 32963129_32965360 -- 4166430_4166529 -- 16401099_16401900 -- 516130_516929 -- 16417210_16419869 -- 33206089_33209190 -- 2085159_2086030 -- 4095620_4097109 -- 33026059_33027080 -- 32815879_32816870 -- 4108939_4110010 -- 33246750_33247739 -- 1028819_1029109 -- 33053739_33055230 -- 33085879_33087269 -- 33359699_33362550 -- 4117319_4118260 -- 16438430_16443529 -- 33061510_33064239 -- 32951699_32952540 -- 16681990_16683119 -- 33047190_33048379 -- 16706369_16707400 -- 4097580_4097689 -- 16724369_16726680 -- 33358820_33359699 -- 1025849_1026910 -- 4166880_4167069 -- 33199339_33201269 -- 4101050_4106029 -- 33336070_33337129 -- 33376379_33377410 -- 33437839_33439260 -- 32921690_32923949 -- 4120270_4121229 -- 16557849_16557950 -- 4180060_4181569 -- 16683119_16683960 -- 33349519_33350660 -- 33021059_33021860 -- 16634380_16634939 -- 4131479_4132479 -- 33119699_33121550 -- 33258309_33259239 -- 33162449_33163370 -- 33331980_33334129 -- 1043310_1044109 -- 16599300_16600279 -- 16666259_16667919 -- 2096199_2097200 -- 33337129_33341500 -- 16469300_16470099 -- 16665460_16666259 -- 16697730_16698759 -- 33144489_33145320 -- 16536080_16537599 -- 33346739_33348510 -- 16482259_16483500 -- 33494489_33495739 -- 33492059_33493059 -- 33374629_33375489 -- 33107239_33109610 -- 33036769_33039690 -- 33142900_33144489 -- 33030690_33032589 -- 33252790_33253879 -- 16565369_16566740 -- 33209989_33211000 -- 33457300_33460559 -- 33142059_33142900 -- 16638529_16639150 -- 16769070_16769689 -- 33097629_33103879 -- 33126589_33127680 -- 33254690_33255489 -- 4167069_4168510 -- 4128819_4129779 -- 33396230_33397839 -- 16704009_16704880 -- 2063929_2065830 -- 32923949_32924780 -- 16631320_16632669 -- 33255489_33256710 -- 33125739_33126589 -- 33411220_33412239 -- 33223309_33224519 -- 33105519_33107239 -- 32988449_32990519 -- 33366190_33366989 -- 16504150_16505279 -- 33253879_33254690 -- 4135310_4136189 -- 16610849_16613890 -- 4170609_4174630 -- 16413939_16415910 -- 16443529_16444140 -- 33497290_33498519 -- 33257510_33258309 -- 4097109_4097580 -- 33469839_33473379 -- 16535279_16536080 -- 33552739_33553739 -- 33366989_33368170 -- 33532420_33535519 -- 33222480_33223309 -- 16615779_16617119 -- 2086909_2089000 -- 33023790_33026059 -- 130669_133020 -- 32867820_32868989 -- 33388730_33389739 -- 4140939_4141880 -- 16642590_16645439 -- 33369010_33374629 -- 16748770_16753169 -- 16462900_16463419 -- 33522170_33522989 -- 4138750_4139649 -- 1025109_1025849 -- 33280589_33282680 -- 4130620_4131479 -- 4113810_4114649 -- 33078739_33080230 -- 1040060_1042079 -- 16567790_16568419 -- 16620259_16623830 -- 33460559_33461820 -- 6490_8119 -- 16489119_16490150 -- 33344720_33345739 -- 16693230_16695029 -- 1029109_1030020 -- 16772720_16773529 -- 16701090_16704009 -- 32854510_32855309 -- 16716919_16717720 -- 2070719_2071940 -- 33362550_33363559 -- 32803809_32804820 -- 32814050_32815879 -- 16454779_16455680 -- 33345739_33346739 -- 33498519_33499589 -- 16413340_16413939 -- 16604820_16605669 -- 16652960_16654099 -- 33052710_33053739 -- 8119_8920 -- 33064239_33065330 -- 16695029_16695830 -- 33043480_33045339 -- 33165170_33168839 -- 32996519_32997870 -- 33495739_33497290 -- 16388480_16390669 -- 33348510_33349519 -- 32978379_32979180 -- 33220989_33222480 -- 16667919_16668720 -- 33321269_33323720 -- 16624349_16624439 -- 16617119_16617640 -- 16657669_16658470 -- 16409050_16410529 -- 16635029_16637590 -- 16552890_16554439 -- 16715029_16716919 -- 33510559_33511620 -- 4126640_4127779 -- 16661419_16662220 -- 32797879_32800470 -- 33342320_33343339 -- 16384919_16385130 -- 33045339_33046390 -- 32942890_32943839 -- 16472029_16473580 -- 32786449_32787449 -- 32945129_32945970 -- 33473379_33474540 -- 32796000_32797879 -- 33290949_33298600 -- 33032589_33034460 -- 33334129_33336070 -- 33446309_33450250 -- 32905269_32906070 -- 16744259_16744860 -- 33502769_33504000 -- 33343339_33344720 -- 32868989_32869879 -- 4136189_4137060 -- 33204970_33206089 -- 4149040_4149859 -- 33201269_33202900 -- 16546750_16547349 -- 33412239_33424180 -- 2086030_2086909 -- 16753169_16753770 -- 33302440_33304699 -- 33016440_33020059 -- 33065330_33066129 -- 33389739_33391230 -- 33522989_33527910 -- 32856350_32861809 -- 4169340_4170609 -- 16708580_16709619 -- 16495119_16496300 -- 33028089_33029180 -- 32794290_32795089 -- 33542519_33543519 -- 16634939_16635029 -- 16698759_16700400 -- 16511110_16512279 -- 16383600_16384919 -- 16647369_16648580 -- 33512699_33514339 -- 32940750_32941769 -- 2060940_2062929 -- 16540759_16541919 -- 16505279_16506080 -- 33161420_33162449 -- 16554439_16555320 -- 16626540_16627919 -- 16721509_16722110 -- 33177519_33179150 -- 4121229_4122229 -- 2069370_2070719 -- 32855309_32856350 -- 1028510_1028819 -- 33128559_33129570 -- 32861809_32863640 -- 16627919_16628419 -- 32783780_32786449 -- 523289_524090 -- 33027080_33028089 -- 33379640_33381309 -- 33304699_33306080 -- 2053199_2056590 -- 32954309_32955260 -- 16610710_16610849 -- 33279000_33280589 -- 32971440_32978379 -- 4157930_4158729 -- 16629919_16630720 -- 32961199_32962129 -- 16488070_16489119 -- 33381309_33382180 -- 33127680_33128559 -- 33286180_33290949 -- 33551739_33552739 -- 33550910_33551739 -- 33035260_33036769 -- 4140500_4140939 -- 16769689_16772720 -- 16722110_16724369 -- 16385130_16385919 -- 32787449_32789500 -- 32928879_32934860 -- 32990519_32992100 -- 4127779_4128080 -- 32960199_32961199 -- 16632669_16634380 -- 4114649_4117319 -- 4181569_4182510 -- 33196199_33199339 -- 518030_519039 -- 32962129_32963129 -- 33478510_33479769 -- 33096390_33097629 -- 2083330_2085159 -- 16654099_16654700 -- 16541919_16543890 -- 16637590_16638529 -- 4193689_4194680 -- 32801760_32803809 -- 33493059_33494489 -- 16614779_16615779 -- 32985059_32985870 -- 2095199_2096199 -- 33169640_33176309 -- 16605669_16606270 -- 129870_130669 -- 16624439_16625520 -- 33209190_33209989 -- 32899220_32900019 -- 16481250_16482259 -- 33440059_33441080 -- 16494240_16495119 -- 16555320_16557849 -- 4132479_4133359 -- 33020059_33021059 -- 33202900_33203699 -- 32900019_32900820 -- 33103879_33104699 -- 4106029_4106399 -- 4129779_4130620 -- 33188780_33194309 -- 33194309_33195120 -- 4133359_4135310 -- 33479769_33492059 -- 1042079_1043310 -- 32953500_32954309 -- 33104699_33105519 -- 32946769_32947570 -- 33327000_33328089 -- 33118900_33119699 -- 32781739_32782960 -- 16419869_16421050 -- 16569779_16571950 -- 33214309_33215110 -- 16547349_16548390 -- 33535519_33536600 -- 33436820_33437839 -- 16568419_16569779 -- 32983920_32985059 -- 33074920_33078739 -- 16710259_16711070 -- 33212010_33214309 -- 32947570_32951699 -- 33363559_33364370 -- 33439260_33440059 -- 32987640_32988449 -- 33247739_33251870 -- 16601520_16602779 -- 16714400_16715029 -- 33224519_33225320 -- 16390669_16391270 -- 16537599_16538509 -- 32957910_32960199 -- 16709619_16710259 -- 16654700_16657669 -- 33203699_33204970 -- 16613890_16614779 -- 4128670_4128819 -- 16411779_16412390 -- 16538509_16540130 -- 16660619_16661419 -- 33543519_33544620 -- 33514339_33515350 -- 32795089_32796000 -- 33259239_33261140 -- 33195120_33196199 -- 2052270_2053199 -- 16512279_16513500 -- 16533540_16535279 -- 33124730_33125739 -- 1023610_1025109 -- 33087269_33088640 -- 33084000_33085879 -- 4191439_4191880 -- 516929_518030 -- 16385919_16386730 -- 33499589_33502769 -- 16471060_16472029 -- 4139649_4140500 -- 33168839_33169640 -- 16470099_16471060 -- 16628419_16628520 -- 16619160_16620259 -- 16645439_16646570 -- 16659820_16660619 -- 33328089_33329670 -- 4192140_4193689 -- 33469040_33469839 -- 2062929_2063929 -- 1044109_1045150 -- 33397839_33398870 -- 33263019_33264100 -- 32904460_32905269 -- 32869879_32887379
28_06,
28_07,14168642_14170138 -- 14167670_14168642
36_07,32844449_32845250 -- 33225239_33226269 -- 33227870_33229019 -- 33047190_33047989 -- 33328339_33328860 -- 33547410_33549839 -- 33540269_33541120 -- 33187989_33188989 -- 16489660_16490259 -- 32796870_32798879 -- 33275989_33277100 -- 33079879_33080629 -- 4103170_4103979 -- 33425769_33427260 -- 32908739_32909540 -- 16396849_16397660 -- 33508309_33509110 -- 16529500_16530759 -- 32862879_32863790 -- 8341639_8342639 -- 33448949_33449949 -- 16634619_16635419 -- 32860170_32861129 -- 16387180_16388419 -- 32929629_32930670 -- 33108879_33110660 -- 4174359_4176330 -- 33019489_33020290 -- 16750619_16751419 -- 33373629_33374460 -- 33012809_33013170 -- 32944839_32946129 -- 16400270_16401169 -- 16530759_16533230 -- 32843379_32844449 -- 32769059_32769860 -- 33090680_33091809 -- 33363449_33364360 -- 32966519_32968739 -- 33115769_33117280 -- 32869900_32870699 -- 32811059_32813449 -- 8313799_8315540 -- 33128910_33131269 -- 32941100_32941589 -- 16761099_16761550 -- 32848239_32849220 -- 4167069_4168680 -- 33235120_33236309 -- 16623480_16625009 -- 32928830_32929629 -- 32981800_32982019 -- 32825199_32826699 -- 8328379_8334610 -- 2062659_2063469 -- 4165910_4167069 -- 33009059_33009860 -- 4148439_4149240 -- 32968739_32969629 -- 16621599_16622400 -- 33549839_33551879 -- 33356489_33357290 -- 33534550_33535559 -- 16436939_16441150 -- 16463009_16464540 -- 33197269_33198309 -- 33357290_33360989 -- 261089_262230 -- 16591939_16593210 -- 32814309_32815300 -- 509910_512669 -- 1040069_1041579 -- 16661529_16662919 -- 4149240_4150069 -- 260200_261089 -- 32861129_32862879 -- 32959530_32960739 -- 1033099_1033900 -- 33349339_33349940 -- 33454720_33456059 -- 16754130_16755619 -- 33503629_33504550 -- 32875089_32875170 -- 32864589_32865390 -- 2078639_2079440 -- 33021230_33022809 -- 33482449_33483830 -- 16676119_16676419 -- 8367959_8370410 -- 16576930_16578919 -- 33367300_33369269 -- 16556580_16557419 -- 8219450_8231059 -- 16402169_16402990 -- 33236309_33237550 -- 33074440_33075239 -- 32948230_32948589 -- 33369269_33370070 -- 2094679_2099780 -- 32785019_32786180 -- 32917769_32918699 -- 16656419_16657640 -- 32765460_32768059 -- 33056080_33057129 -- 33099059_33100059 -- 16482669_16484890 -- 33075239_33076510 -- 33355519_33356489 -- 1038480_1040069 -- 32918699_32920339 -- 16655369_16656419 -- 16574430_16575919 -- 16538750_16539759 -- 4116109_4117430 -- 32890199_32891550 -- 33522589_33523589 -- 32965860_32966519 -- 33404050_33404989 -- 16566419_16567220 -- 32985900_32987769 -- 1045359_1046270 -- 33167629_33169960 -- 33495809_33497050 -- 33523589_33524320 -- 16497099_16498880 -- 16398619_16399419 -- 33183110_33186589 -- 33430519_33434180 -- 32888589_32889390 -- 33195489_33197269 -- 32845250_32846839 -- 16722300_16723169 -- 32885040_32885839 -- 2049469_2050389 -- 4124029_4125090 -- 33159809_33161059 -- 33352839_33354920 -- 257310_258339 -- 33456059_33457160 -- 16433130_16434529 -- 16724169_16725460 -- 32976989_32978489 -- 32941589_32941879 -- 33342600_33347199 -- 16652090_16653279 -- 33210199_33210320 -- 33265559_33268660 -- 16565619_16566419 -- 4179279_4180100 -- 32774440_32782019 -- 33066699_33068710 -- 32914129_32914930 -- 33108080_33108879 -- 1044550_1045359 -- 32996129_32997420 -- 32808260_32808879 -- 8029_10300 -- 4134609_4135609 -- 8327370_8328379 -- 33111720_33115769 -- 33516129_33516760 -- 16638759_16639390 -- 33429699_33430519 -- 4150069_4150670 -- 16637890_16638759 -- 8336320_8339809 -- 33100059_33100910 -- 33085910_33086989 -- 33137940_33141019 -- 8360959_8361959 -- 16412189_16413710 -- 16557419_16559550 -- 2050389_2051199 -- 16426000_16427349 -- 2048870_2049469 -- 32886760_32887559 -- 16392980_16394849 -- 16578919_16581020 -- 33012570_33012809 -- 16568119_16569029 -- 16695520_16697419 -- 33089879_33090680 -- 33063080_33064019 -- 33371760_33373629 -- 32916930_32917769 -- 32854019_32856769 -- 32808879_32810180 -- 32983199_32984370 -- 32873790_32875089 -- 32856769_32857570 -- 16684380_16688369 -- 16676419_16677740 -- 16635419_16636759 -- 4150670_4151859 -- 33294809_33295330 -- 16654770_16655369 -- 33008140_33009059 -- 16595430_16596419 -- 1032300_1033099 -- 33173580_33174379 -- 16410590_16412189 -- 4186149_4186950 -- 32956900_32957309 -- 16491259_16492060 -- 32904089_32904559 -- 8359740_8360959 -- 16493419_16494220 -- 8185850_8200059 -- 16603869_16607900 -- 32947339_32947420 -- 33271920_33272739 -- 33065760_33066699 -- 16645419_16646419 -- 33351390_33352839 -- 2065969_2067130 -- 4103979_4104979 -- 33022809_33023860 -- 32889390_32890199 -- 32903860_32904089 -- 33193559_33195489 -- 32904559_32905360 -- 32892489_32893580 -- 2062480_2062659 -- 16586619_16586710 -- 16481640_16482669 -- 16593210_16594009 -- 32891550_32892489 -- 33243890_33245239 -- 33309650_33310449 -- 33419900_33420769 -- 33098260_33099059 -- 33083150_33083949 -- 33263059_33264760 -- 32982019_32983199 -- 33247199_33251250 -- 32853210_32854019 -- 33174379_33175180 -- 33302559_33303680 -- 33513489_33516129 -- 4158330_4159189 -- 32952629_32953440 -- 33047989_33050210 -- 33347199_33349339 -- 16550349_16552710 -- 33170559_33171559 -- 4111470_4112359 -- 33091809_33092910 -- 32875170_32876129 -- 33262140_33263059 -- 4193090_4193939 -- 33028900_33028989 -- 33476820_33477739 -- 33153570_33159809 -- 2051199_2052000 -- 16492060_16493419 -- 4173350_4174359 -- 33507710_33508309 -- 33142050_33148839 -- 33414699_33416420 -- 16701270_16702169 -- 33209640_33210199 -- 32887559_32888589 -- 4115310_4116109 -- 16590689_16591939 -- 33272739_33274180 -- 33425000_33425769 -- 4133740_4134609 -- 32884239_32885040 -- 33543559_33545670 -- 32798879_32802470 -- 2064270_2065969 -- 16646419_16647750 -- 4177130_4177939 -- 33028989_33029480 -- 16759340_16761099 -- 33029559_33030360 -- 16457119_16458150 -- 33339339_33339760 -- 16660930_16661529 -- 32920339_32921140 -- 32820489_32821860 -- 32768059_32769059 -- 16629540_16630349 -- 33164390_33167629 -- 16596419_16601790 -- 4122850_4124029 -- 8339809_8340830 -- 4143189_4143990 -- 6150_8029 -- 4188399_4189720 -- 33504550_33505589 -- 33240210_33241269 -- 32946129_32946660 -- 16743960_16744759 -- 33037530_33038339 -- 16462160_16463009 -- 33264760_33265559 -- 8381080_8382889 -- 32948589_32948890 -- 32783410_32785019 -- 33057129_33058050 -- 32866309_32866570 -- 8361959_8366940 -- 32843300_32843379 -- 32870699_32872170 -- 258339_259310 -- 8342639_8349070 -- 32969629_32970780 -- 32940019_32940850 -- 129639_130440 -- 33162019_33163019 -- 32946660_32947339 -- 32876129_32876970 -- 33505589_33507710 -- 4142390_4143189 -- 16427349_16428490 -- 33192500_33193309 -- 16521380_16522349 -- 4177939_4179279 -- 33458449_33461220 -- 16522349_16522980 -- 33438269_33439070 -- 33498839_33499970 -- 33163019_33164390 -- 33040769_33045150 -- 33274980_33275989 -- 33526220_33527019 -- 32988769_32991370 -- 33029480_33029559 -- 16539759_16540790 -- 16751419_16752610 -- 33527019_33527820 -- 32987769_32988769 -- 16392099_16392980 -- 4141279_4141390 -- 32995050_32996129 -- 32964949_32965040 -- 33360989_33361790 -- 33328160_33328339 -- 33404989_33406269 -- 33214379_33215210 -- 16589890_16590689 -- 32827809_32829190 -- 4159189_4160350 -- 32913640_32913769 -- 16569029_16569830 -- 33034120_33035839 -- 4151859_4152859 -- 33186589_33187390 -- 33187390_33187989 -- 32978489_32980620 -- 32881949_32882940 -- 8231059_8232059 -- 16495710_16497099 -- 16755619_16756800 -- 8272799_8273830 -- 32975699_32976989 -- 32960739_32961800 -- 32863790_32864589 -- 33541720_33543559 -- 16730730_16731529 -- 33495010_33495809 -- 33198309_33199120 -- 16620759_16621599 -- 32846839_32848239 -- 33553839_33554440 -- 32938949_32939140 -- 32952030_32952629 -- 33080629_33082150 -- 33189809_33190809 -- 33245239_33246239 -- 33406269_33408410 -- 33038339_33039140 -- 16702169_16702970 -- 33229879_33231589 -- 33246239_33247199 -- 32824300_32825199 -- 33478339_33479390 -- 33226269_33226870 -- 33479390_33482449 -- 32885839_32886760 -- 16619460_16620759 -- 33004030_33005379 -- 33477739_33478339 -- 16394849_16395689 -- 8312790_8313799 -- 16399419_16400270 -- 16601790_16603869 -- 33552960_33553839 -- 33428870_33429699 -- 32837070_32837589 -- 33321970_33322089 -- 33241269_33242170 -- 33536839_33539670 -- 32939140_32940019 -- 16388419_16389220 -- 32974610_32975699 -- 32882940_32884239 -- 33331769_33332989 -- 16675770_16676119 -- 4112359_4113210 -- 4193939_4195290 -- 16662919_16663880 -- 33502830_33503629 -- 33449949_33451530 -- 33193309_33193559 -- 2094080_2094679 -- 16636759_16637890 -- 8340830_8341639 -- 33190809_33190940 -- 16712919_16713720 -- 32810180_32811059 -- 33551879_33552040 -- 4147640_4148439 -- 2076600_2078639 -- 33497850_33498839 -- 16706189_16707189 -- 33141019_33142050 -- 33213370_33214379 -- 8382889_8384090 -- 4104979_4106220 -- 16653279_16653880 -- 32896120_32897589 -- 33018870_33019489 -- 16731529_16732500 -- 32813449_32814309 -- 33222379_33224430 -- 16594009_16595430 -- 33224530_33225239 -- 16490259_16491259 -- 32826699_32827809 -- 16545520_16549529 -- 33412570_33414699 -- 33408750_33409019 -- 16625009_16625810 -- 16455700_16457119 -- 32819690_32820489 -- 2063469_2064270 -- 8366940_8367959 -- 16712270_16712919 -- 32897589_32899540 -- 33294730_33294809 -- 32865390_32866309 -- 32907940_32908739 -- 16436140_16436939 -- 32881030_32881949 -- 16586110_16586619 -- 4140930_4141279 -- 16632480_16634619 -- 33039940_33040769 -- 16445419_16446230 -- 32957309_32957640 -- 33231589_33232390 -- 33083949_33084949 -- 8218379_8219450 -- 33148839_33150210 -- 33332989_33335559 -- 33420769_33421580 -- 33079080_33079879 -- 16707189_16707990 -- 33188989_33189809 -- 33443480_33447839 -- 4135609_4136670 -- 16434529_16435330 -- 16401169_16402169 -- 16723169_16724169 -- 8232059_8272799 -- 16688369_16689640 -- 16567220_16568119 -- 512669_513490 -- 33322089_33322970 -- 33229019_33229879 -- 33064019_33064960 -- 33361790_33362589 -- 16454439_16455700 -- 8213320_8218379 -- 32913769_32914129 -- 16749820_16750619 -- 33447839_33448949 -- 4152859_4154000 -- 32782019_32783410 -- 33009860_33011589 -- 33512690_33513489 -- 4187800_4188399 -- 33335559_33337140 -- 16389220_16392099 -- 33300680_33302559 -- 33135559_33136940 -- 16549529_16550349 -- 33161059_33162019 -- 33221580_33222379 -- 33437470_33438269 -- 16575919_16576930 -- 16564640_16565619 -- 16697419_16698610 -- 128340_129639 -- 16744759_16746330 -- 33330820_33331769 -- 33310449_33311250 -- 4099090_4102029 -- 16704470_16706189 -- 33535559_33536839 -- 32941879_32942000 -- 33354920_33355519 -- 33077199_33077350 -- 33084949_33085910 -- 33169960_33170559 -- 16397660_16398619 -- 16630349_16631150 -- 32943320_32944839 -- 33539670_33540269 -- 33338720_33339339 -- 33518780_33522589 -- 33011589_33012570 -- 16444770_16445419 -- 4184970_4186149 -- 8200059_8201080 -- 33131269_33135559 -- 32837589_32839260 -- 33035839_33036660 -- 16453270_16454439 -- 1041579_1043750 -- 33362589_33363449 -- 4102029_4103170 -- 16644520_16645419 -- 16395689_16396849 -- 33086989_33088010 -- 33409019_33409920 -- 33005379_33007050 -- 33171559_33172160 -- 33457160_33458449
36_06,32826890_32828489 -- 33019309_33020110 -- 33345269_33345870 -- 33184239_33185260 -- 33437309_33438750 -- 4154399_4155410 -- 8251530_8252459 -- 33479190_33479989 -- 33147960_33148559 -- 32973489_32974290 -- 8245660_8246889 -- 33498019_33502269 -- 16731779_16732590 -- 16589349_16590150 -- 1039310_1040319 -- 16451390_16452279 -- 8324870_8326049 -- 16555009_16557270 -- 8307010_8307209 -- 33109260_33110339 -- 33282949_33291449 -- 33277430_33278269 -- 33172050_33177339 -- 33006160_33009629 -- 16638680_16640759 -- 33260720_33262019 -- 16404950_16405759 -- 33205239_33206489 -- 33502269_33503180 -- 32847570_32848379 -- 33342400_33343199 -- 16676750_16677529 -- 33038839_33039980 -- 33504290_33505239 -- 8224120_8231629 -- 257970_258769 -- 33446980_33448339 -- 33142519_33143519 -- 16503240_16504259 -- 8284540_8285469 -- 32881610_32882769 -- 32998769_33000449 -- 32788360_32789589 -- 32959629_32964180 -- 16752820_16755119 -- 16464410_16465759 -- 2060489_2061639 -- 16690509_16692540 -- 33270790_33274309 -- 33317670_33320199 -- 16730060_16731779 -- 523919_524930 -- 33156620_33157879 -- 16642009_16643130 -- 33132019_33132820 -- 33052040_33055629 -- 33081230_33081559 -- 16697009_16698029 -- 8198340_8203719 -- 33068309_33069920 -- 32968059_32969320 -- 8322620_8323219 -- 1041579_1042760 -- 33456699_33457309 -- 32905510_32907059 -- 33457309_33460030 -- 16575320_16576119 -- 16698029_16700050 -- 33076489_33077379 -- 33464589_33467410 -- 33201519_33204339 -- 8252459_8254490 -- 33107309_33109260 -- 32818239_32819400 -- 33497220_33498019 -- 33138320_33139239 -- 2050889_2051949 -- 2051949_2053000 -- 16725529_16727900 -- 32872739_32874790 -- 33470750_33472059 -- 32810930_32812089 -- 33096430_33097239 -- 4166939_4174270 -- 16765750_16768099 -- 33454150_33456699 -- 2077310_2078199 -- 33474839_33475640 -- 8358160_8358969 -- 32930879_32931890 -- 33259839_33260720 -- 2095150_2095949 -- 16457169_16458349 -- 32965800_32968059 -- 32986830_32992129 -- 33302309_33304070 -- 16649560_16652169 -- 33200040_33200699 -- 33141900_33142519 -- 16467669_16470300 -- 2087880_2089929 -- 33189769_33190680 -- 33143519_33147960 -- 2061639_2067050 -- 33374440_33386699 -- 16623169_16623970 -- 16602599_16606040 -- 32789589_32790440 -- 16576939_16577740 -- 33267559_33268360 -- 16561890_16562619 -- 33226640_33228309 -- 32865920_32867559 -- 16612800_16613599 -- 33204339_33205239 -- 33278269_33282080 -- 32958610_32959629 -- 33473019_33474019 -- 32867559_32868519 -- 8231629_8232230 -- 33066690_33068309 -- 16755119_16756820 -- 32929070_32930879 -- 33148559_33149360 -- 8281209_8284540 -- 32806239_32807239 -- 8385410_8386209 -- 33215330_33216519 -- 16711279_16712080 -- 8217170_8222309 -- 33264989_33265940 -- 33137519_33138320 -- 33217320_33218199 -- 16484570_16486169 -- 33043059_33043930 -- 16467070_16467669 -- 16677529_16679810 -- 32911160_32913589 -- 33528900_33529699 -- 16695770_16697009 -- 4137479_4138290 -- 32964989_32965800 -- 32836970_32838129 -- 4140250_4154399 -- 2059380_2060489 -- 16553560_16555009 -- 1040319_1041579 -- 33515050_33517809 -- 33438750_33441559 -- 33256040_33256839 -- 8203719_8209370 -- 33037640_33038839 -- 32868519_32869430 -- 32826089_32826890 -- 16513849_16514849 -- 8307209_8308580 -- 4157899_4159200 -- 32812089_32813540 -- 32927470_32928269 -- 16562619_16568070 -- 33083269_33091550 -- 8285469_8290590 -- 33026760_33036839 -- 33100350_33101309 -- 8326049_8328770 -- 32982379_32983600 -- 32807239_32808460 -- 33306769_33307570 -- 33058809_33063420 -- 2049889_2050889 -- 32842339_32843190 -- 33407879_33408680 -- 16510849_16511660 -- 8319719_8322620 -- 16502419_16503240 -- 16409230_16410169 -- 16613599_16618790 -- 33000449_33001220 -- 33245790_33247809 -- 33182519_33183510 -- 33232809_33233739 -- 33505239_33506160 -- 16656279_16660740 -- 33102110_33103879 -- 32913589_32914559 -- 1199615_1200950 -- 2082679_2083150 -- 33121570_33122309 -- 33200699_33201519 -- 16402279_16404950 -- 33022300_33023309 -- 33257910_33259839 -- 33139239_33141900 -- 2095949_2096750 -- 33262019_33264989 -- 33529699_33534160 -- 16588029_16589349 -- 8337299_8338299 -- 32916449_32917570 -- 16709430_16711279 -- 33461989_33462790 -- 33206489_33207290 -- 521919_523000 -- 32825080_32826089 -- 16398279_16399700 -- 33463610_33464589 -- 33298170_33302309 -- 16509860_16510849 -- 33055629_33057809 -- 16455810_16457169 -- 33228309_33229620 -- 16526800_16527599 -- 16768099_16769410 -- 32839769_32840879 -- 33256839_33257910 -- 2057239_2058040 -- 16689150_16690509 -- 2048920_2049889 -- 33485489_33491350 -- 16452279_16453080 -- 32993500_32994309 -- 33039980_33043059 -- 33233739_33234739 -- 32840879_32842339 -- 2074139_2075500 -- 16499490_16502419 -- 33110339_33111890 -- 33094059_33094940 -- 33407280_33407879 -- 33074269_33076489 -- 33478379_33479190 -- 16410169_16411000 -- 4155410_4157899 -- 33132820_33133589 -- 16742960_16743759 -- 33314260_33315059 -- 32848379_32849500 -- 8338299_8339350 -- 32907059_32910360 -- 33363140_33365269 -- 33365269_33366339 -- 32882769_32883660 -- 33401930_33405879 -- 33344040_33345269 -- 33291449_33292309 -- 16576119_16576939 -- 33366339_33373470 -- 33343199_33344040 -- 16521599_16522810 -- 33453059_33454150 -- 16776759_16779330 -- 33292309_33297570 -- 33243320_33244949 -- 33509699_33514370 -- 16458349_16460580 -- 33235589_33239120 -- 8334360_8337299 -- 33551580_33552379 -- 32803800_32806239 -- 16640759_16642009 -- 16775320_16776759 -- 33461190_33461989 -- 4136479_4137479 -- 33386699_33387850 -- 32832430_32833559 -- 8246889_8250520 -- 32833559_32834360 -- 33282080_33282949 -- 16745360_16746029 -- 33036839_33037640 -- 33216519_33217320 -- 16405759_16406630 -- 32838960_32839769 -- 16601340_16602599 -- 16622369_16623169 -- 32783739_32786050 -- 2056050_2057239 -- 32838129_32838960 -- 33315059_33315860 -- 2078199_2079710 -- 16506259_16507060 -- 33064519_33065430 -- 32914559_32915360 -- 33484480_33485489 -- 33448339_33453059 -- 33274309_33275309 -- 33311839_33314260 -- 33305019_33305970 -- 33244949_33245790 -- 4115810_4136479 -- 33188400_33189769 -- 8222309_8224120 -- 520669_521919 -- 16652169_16653770 -- 8323219_8324870 -- 16746029_16747759 -- 519100_520669 -- 33177339_33178140 -- 32915360_32916449 -- 16465759_16467070 -- 33320199_33322670 -- 33018300_33019309 -- 32871790_32872739 -- 32992129_32993500 -- 8312889_8313690 -- 33477460_33478379 -- 33441559_33442960 -- 16743759_16744150 -- 4165939_4166939 -- 8319080_8319719 -- 16626689_16627980 -- 33508210_33509699 -- 4161220_4165939 -- 16655240_16656279 -- 32971730_32973489 -- 33057809_33058809 -- 33472059_33473019 -- 33125059_33125900 -- 32994309_32998769 -- 16514849_16518220 -- 16401450_16402279 -- 523000_523919 -- 33234739_33235589 -- 258769_261480 -- 33311040_33311839 -- 8280190_8281209 -- 33436190_33437309 -- 16504259_16505259 -- 33071980_33074269 -- 33097239_33100350 -- 33247809_33248629 -- 8386209_8390060 -- 33157879_33158350 -- 16747759_16750599 -- 33415280_33416769 -- 33106089_33107309 -- 16397660_16398279 -- 33101309_33102110 -- 33081559_33083269 -- 16621770_16622369 -- 33183510_33184239 -- 16505259_16506259 -- 33416769_33417440 -- 33133589_33135440 -- 33178140_33182519 -- 32782690_32783739 -- 33092360_33094059 -- 32942670_32943699 -- 32974290_32975089 -- 16519560_16521599 -- 33077379_33078190 -- 16527599_16528770 -- 33122309_33125059 -- 33131140_33132019 -- 33248629_33249570 -- 33474019_33474839 -- 32943699_32944640 -- 33409550_33411339 -- 16586310_16588029 -- 16513050_16513849 -- 33023309_33025750 -- 8310520_8312889 -- 33231890_33232809 -- 33305970_33306769 -- 16625680_16626689 -- 33405879_33406480 -- 2073540_2074139 -- 32981550_32982379 -- 2089929_2091300 -- 32817410_32818239 -- 16724700_16725529 -- 33552379_33553480 -- 33304070_33305019 -- 2081870_2082679 -- 33265940_33267559 -- 16750599_16751430 -- 8358969_8360030 -- 33517809_33518610 -- 32928269_32929070 -- 33275309_33276110 -- 33411339_33412350 -- 33479989_33484480 -- 32828489_32829660 -- 33063420_33064519 -- 32964180_32964989 -- 33009629_33010440 -- 33136870_33137519 -- 32975089_32975890 -- 16486169_16490880 -- 33103879_33106089
44_06,
44_07,
01_07,
01_06,
